Workbook

Sheet README
A1: This spreadsheet was made by Ender Dempsey under the mentorship of Andrey Sarantsev, Ph.D.
A3: The SDs by Year for Deciles sheet is the data that finds the standard deviations of the data from the Kenneth R French Observatory titled "Portfolios Formed on Size [Daily]"
A4: The LNs sheet is the natural logarithms of all the values in the SDs by Year for Deciles sheet. This also includes a line graph of all the standard deviations for each decile for each year.
A5: The Correlation Matrix was done using the data from the LNs sheet.
A6: For all of the other sheets, I took the corresponding logarithms for the titular decile for each year and put them in the first column. These logarithms were soreted from low to high. Since we are testing for normality, the next columns were the ranking of the sorted logarithms, their ranking proportion, and their z-score. From this data, I made a Quantile-Quantile plot and added a linear fit line. Since the data is linear, it is log-normally distributed.

Sheet SDs by Year for Deciles
A1: Standard deviations by year for each decile | F1: Data Set: Portfolios Formed On Investment [Daily]
A3: Year | B3: Lo 10 | C3: Decile 2 | D3: Decile 3 | E3: Decile 4 | F3: Decile 5 | G3: Decile 6 | H3: Decile 7 | I3: Decile 8 | J3: Decile 9 | K3: Hi 10
A4: 1927 | B4: 1.08935 | C4: 0.80033 | D4: 0.78797 | E4: 0.66251 | F4: 0.573685 | G4: 0.634659 | H4: 0.590229 | I4: 0.57088 | J4: 0.569501 | K4: 0.518687
A5: 1928 | B5: 1.47142 | C5: 1.21873 | D5: 1.02284 | E5: 0.889978 | F5: 0.960231 | G5: 0.997491 | H5: 0.900669 | I5: 0.932362 | J5: 0.795336 | K5: 0.792328
A6: 1929 | B6: 1.83826 | C6: 1.64181 | D6: 1.70212 | E6: 1.6231 | F6: 1.74563 | G6: 1.70274 | H6: 1.82778 | I6: 1.88311 | J6: 1.8677 | K6: 1.87225
A7: 1930 | B7: 1.94341 | C7: 1.77045 | D7: 1.54825 | E7: 1.30857 | F7: 1.37749 | G7: 1.28081 | H7: 1.32643 | I7: 1.26029 | J7: 1.39601 | K7: 1.43241
A8: 1931 | B8: 2.19203 | C8: 2.23719 | D8: 1.98782 | E8: 1.65702 | F8: 1.82271 | G8: 1.94536 | H8: 1.84212 | I8: 1.95058 | J8: 2.14309 | K8: 1.97129
A9: 1932 | B9: 3.04808 | C9: 2.88369 | D9: 2.67772 | E9: 2.57235 | F9: 2.49672 | G9: 2.74158 | H9: 2.53117 | I9: 2.82368 | J9: 2.89876 | K9: 2.81024
A10: 1933 | B10: 3.39803 | C10: 3.44749 | D10: 3.31761 | E10: 3.26486 | F10: 3.09654 | G10: 3.00132 | H10: 3.01642 | I10: 2.94946 | J10: 2.84891 | K10: 2.41997
A11: 1934 | B11: 2.02163 | C11: 2.02755 | D11: 1.84777 | E11: 1.86563 | F11: 1.7723 | G11: 1.70297 | H11: 1.69914 | I11: 1.58875 | J11: 1.43969 | K11: 1.2151
A12: 1935 | B12: 1.84114 | C12: 1.63468 | D12: 1.43907 | E12: 1.41359 | F12: 1.22949 | G12: 1.28161 | H12: 1.14678 | I12: 1.05452 | J12: 1.10559 | K12: 0.866124
A13: 1936 | B13: 1.59193 | C13: 1.36285 | D13: 1.28276 | E13: 1.33363 | F13: 1.15219 | G13: 1.1424 | H13: 1.05486 | I13: 0.930189 | J13: 0.975106 | K13: 0.829422
A14: 1937 | B14: 2.79454 | C14: 2.61225 | D14: 2.32189 | E14: 2.12744 | F14: 2.12121 | G14: 1.97966 | H14: 1.99064 | I14: 1.78637 | J14: 1.83816 | K14: 1.48491
A15: 1938 | B15: 1.99764 | C15: 2.20898 | D15: 2.10723 | E15: 1.92271 | F15: 2.06261 | G15: 2.02478 | H15: 2.00243 | I15: 1.72862 | J15: 1.79698 | K15: 1.59617
... A102: 2025 | B102: 1.69966 | C102: 1.60257 | D102: 1.52854 | E102: 1.49815 | F102: 1.46977 | G102: 1.45584 | H102: 1.36137 | I102: 1.27294 | J102: 1.12492 | K102: 1.23546

Sheet LNs
A1: Natural logarithms of each data point in the last sheet
A3: {='SDs by Year for Deciles'!A3:A102} -> Year | B3: {='SDs by Year for Deciles'!B3:K3} -> Lo 10 | C3: Decile 2 | D3: Decile 3 | E3: Decile 4 | F3: Decile 5 | G3: Decile 6 | H3: Decile 7 | I3: Decile 8 | J3: Decile 9 | K3: Hi 10
A4: 1927 | B4: =LN('SDs by Year for Deciles'!B4) -> 0.085581188 | C4: =LN('SDs by Year for Deciles'!C4) -> -0.22273114 | D4: =LN('SDs by Year for Deciles'!D4) -> -0.23829526 | E4: =LN('SDs by Year for Deciles'!E4) -> -0.41171963 | F4: =LN('SDs by Year for Deciles'!F4) -> -0.55567481 | G4: =LN('SDs by Year for Deciles'!G4) -> -0.45466743 | H4: =LN('SDs by Year for Deciles'!H4) -> -0.52724468 | I4: =LN('SDs by Year for Deciles'!I4) -> -0.56057625 | ... K4: =LN('SDs by Year for Deciles'!K4) -> -0.65645466
A5: 1928 | B5: =LN('SDs by Year for Deciles'!B5) -> 0.38622792 | C5: =LN('SDs by Year for Deciles'!C5) -> 0.19780933 | D5: =LN('SDs by Year for Deciles'!D5) -> 0.022583072 | E5: =LN('SDs by Year for Deciles'!E5) -> -0.11655854 | F5: =LN('SDs by Year for Deciles'!F5) -> -0.040581398 | G5: =LN('SDs by Year for Deciles'!G5) -> -0.0025121528 | H5: =LN('SDs by Year for Deciles'!H5) -> -0.10461746 | I5: =LN('SDs by Year for Deciles'!I5) -> -0.070034128 | ... K5: =LN('SDs by Year for Deciles'!K5) -> -0.23277983
A6: 1929 | B6: =LN('SDs by Year for Deciles'!B6) -> 0.60881947 | C6: =LN('SDs by Year for Deciles'!C6) -> 0.49579929 | D6: =LN('SDs by Year for Deciles'!D6) -> 0.53187453 | E6: =LN('SDs by Year for Deciles'!E6) -> 0.4843379 | F6: =LN('SDs by Year for Deciles'!F6) -> 0.55711552 | G6: =LN('SDs by Year for Deciles'!G6) -> 0.53223872 | H6: =LN('SDs by Year for Deciles'!H6) -> 0.60310212 | I6: =LN('SDs by Year for Deciles'!I6) -> 0.63292467 | ... K6: =LN('SDs by Year for Deciles'!K6) -> 0.62714092
A7: 1930 | B7: =LN('SDs by Year for Deciles'!B7) -> 0.66444416 | C7: =LN('SDs by Year for Deciles'!C7) -> 0.57123375 | D7: =LN('SDs by Year for Deciles'!D7) -> 0.43712526 | E7: =LN('SDs by Year for Deciles'!E7) -> 0.26893494 | F7: =LN('SDs by Year for Deciles'!F7) -> 0.320263 | G7: =LN('SDs by Year for Deciles'!G7) -> 0.24749269 | H7: =LN('SDs by Year for Deciles'!H7) -> 0.28249112 | I7: =LN('SDs by Year for Deciles'!I7) -> 0.23134185 | ... K7: =LN('SDs by Year for Deciles'!K7) -> 0.35935834
A8: 1931 | B8: =LN('SDs by Year for Deciles'!B8) -> 0.78482806 | C8: =LN('SDs by Year for Deciles'!C8) -> 0.80522061 | D8: =LN('SDs by Year for Deciles'!D8) -> 0.68703856 | E8: =LN('SDs by Year for Deciles'!E8) -> 0.50502081 | F8: =LN('SDs by Year for Deciles'!F8) -> 0.6003244 | G8: =LN('SDs by Year for Deciles'!G8) -> 0.66544705 | H8: =LN('SDs by Year for Deciles'!H8) -> 0.61091708 | I8: =LN('SDs by Year for Deciles'!I8) -> 0.66812676 | ... K8: =LN('SDs by Year for Deciles'!K8) -> 0.67868815
A9: 1932 | B9: =LN('SDs by Year for Deciles'!B9) -> 1.1145119 | C9: =LN('SDs by Year for Deciles'!C9) -> 1.0590707 | D9: =LN('SDs by Year for Deciles'!D9) -> 0.98496569 | E9: =LN('SDs by Year for Deciles'!E9) -> 0.94481988 | F9: =LN('SDs by Year for Deciles'!F9) -> 0.91497787 | G9: =LN('SDs by Year for Deciles'!G9) -> 1.0085344 | H9: =LN('SDs by Year for Deciles'!H9) -> 0.92868165 | I9: =LN('SDs by Year for Deciles'!I9) -> 1.038041 | ... K9: =LN('SDs by Year for Deciles'!K9) -> 1.0332699
A10: 1933 | B10: =LN('SDs by Year for Deciles'!B10) -> 1.2231959 | C10: =LN('SDs by Year for Deciles'!C10) -> 1.2376464 | D10: =LN('SDs by Year for Deciles'!D10) -> 1.1992446 | E10: =LN('SDs by Year for Deciles'!E10) -> 1.1832169 | F10: =LN('SDs by Year for Deciles'!F10) -> 1.1302854 | G10: =LN('SDs by Year for Deciles'!G10) -> 1.0990522 | H10: =LN('SDs by Year for Deciles'!H10) -> 1.1040707 | I10: =LN('SDs by Year for Deciles'!I10) -> 1.0816221 | ... K10: =LN('SDs by Year for Deciles'!K10) -> 0.88375514
A11: 1934 | B11: =LN('SDs by Year for Deciles'!B11) -> 0.70390412 | C11: =LN('SDs by Year for Deciles'!C11) -> 0.70682817 | D11: =LN('SDs by Year for Deciles'!D11) -> 0.61397951 | E11: =LN('SDs by Year for Deciles'!E11) -> 0.6235988 | F11: =LN('SDs by Year for Deciles'!F11) -> 0.57227814 | G11: =LN('SDs by Year for Deciles'!G11) -> 0.53237379 | H11: =LN('SDs by Year for Deciles'!H11) -> 0.53012224 | I11: =LN('SDs by Year for Deciles'!I11) -> 0.46294754 | ... K11: =LN('SDs by Year for Deciles'!K11) -> 0.19482638
A12: 1935 | B12: =LN('SDs by Year for Deciles'!B12) -> 0.61038494 | C12: =LN('SDs by Year for Deciles'!C12) -> 0.49144707 | D12: =LN('SDs by Year for Deciles'!D12) -> 0.36399707 | E12: =LN('SDs by Year for Deciles'!E12) -> 0.34613257 | F12: =LN('SDs by Year for Deciles'!F12) -> 0.20659945 | G12: =LN('SDs by Year for Deciles'!G12) -> 0.2481171 | H12: =LN('SDs by Year for Deciles'!H12) -> 0.13695802 | I12: =LN('SDs by Year for Deciles'!I12) -> 0.053085687 | ... K12: =LN('SDs by Year for Deciles'!K12) -> -0.14372719
A13: 1936 | B13: =LN('SDs by Year for Deciles'!B13) -> 0.46494712 | C13: =LN('SDs by Year for Deciles'!C13) -> 0.3095781 | D13: =LN('SDs by Year for Deciles'!D13) -> 0.24901401 | E13: =LN('SDs by Year for Deciles'!E13) -> 0.28790455 | F13: =LN('SDs by Year for Deciles'!F13) -> 0.14166448 | G13: =LN('SDs by Year for Deciles'!G13) -> 0.13313131 | H13: =LN('SDs by Year for Deciles'!H13) -> 0.053408057 | I13: =LN('SDs by Year for Deciles'!I13) -> -0.072367488 | ... K13: =LN('SDs by Year for Deciles'!K13) -> -0.18702621
A14: 1937 | B14: =LN('SDs by Year for Deciles'!B14) -> 1.0276675 | C14: =LN('SDs by Year for Deciles'!C14) -> 0.96021192 | D14: =LN('SDs by Year for Deciles'!D14) -> 0.84238151 | E14: =LN('SDs by Year for Deciles'!E14) -> 0.75491938 | F14: =LN('SDs by Year for Deciles'!F14) -> 0.75198668 | G14: =LN('SDs by Year for Deciles'!G14) -> 0.68292511 | H14: =LN('SDs by Year for Deciles'!H14) -> 0.6884562 | I14: =LN('SDs by Year for Deciles'!I14) -> 0.58018563 | ... K14: =LN('SDs by Year for Deciles'!K14) -> 0.39535416
A15: 1938 | B15: =LN('SDs by Year for Deciles'!B15) -> 0.69196648 | C15: =LN('SDs by Year for Deciles'!C15) -> 0.79253087 | D15: =LN('SDs by Year for Deciles'!D15) -> 0.74537429 | E15: =LN('SDs by Year for Deciles'!E15) -> 0.65373565 | F15: =LN('SDs by Year for Deciles'!F15) -> 0.72397217 | G15: =LN('SDs by Year for Deciles'!G15) -> 0.70546105 | H15: =LN('SDs by Year for Deciles'!H15) -> 0.69436144 | I15: =LN('SDs by Year for Deciles'!I15) -> 0.5473234 | ... K15: =LN('SDs by Year for Deciles'!K15) -> 0.46760701
... A102: 2025 | B102: =LN('SDs by Year for Deciles'!B102) -> 0.53042823 | C102: =LN('SDs by Year for Deciles'!C102) -> 0.47160859 | D102: =LN('SDs by Year for Deciles'!D102) -> 0.42431303 | E102: =LN('SDs by Year for Deciles'!E102) -> 0.40423101 | F102: =LN('SDs by Year for Deciles'!F102) -> 0.38510593 | G102: =LN('SDs by Year for Deciles'!G102) -> 0.37558305 | H102: =LN('SDs by Year for Deciles'!H102) -> 0.30849155 | I102: =LN('SDs by Year for Deciles'!I102) -> 0.24132919 | ... K102: =LN('SDs by Year for Deciles'!K102) -> 0.21144337

Sheet Correlation Matrix
B1: Lo 10 | C1: Decile 2 | D1: Decile 3 | E1: Decile 4 | F1: Decile 5 | G1: Decile 6 | H1: Decile 7 | I1: Decile 8 | J1: Decile 9 | K1: Hi 10
A2: Lo 10 | B2: 1
A3: Decile 2 | B3: 0.94342954 | C3: 1
A4: Decile 3 | B4: 0.90766121 | C4: 0.98827655 | D4: 1
A5: Decile 4 | B5: 0.89488957 | C5: 0.98035638 | D5: 0.99151931 | E5: 1
A6: Decile 5 | B6: 0.86062136 | C6: 0.95877697 | D6: 0.98236712 | E6: 0.98780223 | F6: 1
A7: Decile 6 | B7: 0.8695196 | C7: 0.94957722 | D7: 0.97464872 | E7: 0.97368154 | F7: 0.98659594 | G7: 1
A8: Decile 7 | B8: 0.86520914 | C8: 0.94044229 | D8: 0.96439419 | E8: 0.96784035 | F8: 0.97950075 | G8: 0.99104713 | H8: 1
A9: Decile 8 | B9: 0.80240689 | C9: 0.90071094 | D9: 0.93536974 | E9: 0.94214352 | F9: 0.96673886 | G9: 0.97921629 | H9: 0.98584462 | I9: 1
A10: Decile 9 | B10: 0.7824981 | C10: 0.87446925 | D10: 0.90982825 | E10: 0.91779443 | F10: 0.94492025 | G10: 0.96231349 | H10: 0.97513593 | I10: 0.98929222 | J10: 1
A11: Hi 10 | B11: 0.62892966 | C11: 0.74097725 | D11: 0.79363762 | E11: 0.80887258 | F11: 0.85645816 | G11: 0.87852419 | H11: 0.89603978 | I11: 0.93660358 | J11: 0.95496071 | K11: 1

Sheet Lo 10 Test
B2: Ln of Lo 10 Sorted | C2: Rank | D2: Rank Proportion | E2: Rank-Based Z Scores
B3: =LNs!B41 -> -1.1478193 | C3: =ROW()-2 -> 1 | D3: =(C3-0.5)/99 -> 0.0050505051 | E3: =NORMSINV(D3) -> -2.5723521
B4: =LNs!B54 -> -1.0216901 | C4: =ROW()-2 -> 2 | D4: =(C4-0.5)/99 -> 0.015151515 | E4: =NORMSINV(D4) -> -2.1661068
B5: =LNs!B62 -> -0.96812628 | C5: =ROW()-2 -> 3 | D5: =(C5-0.5)/99 -> 0.025252525 | E5: =NORMSINV(D5) -> -1.9556614
B6: =LNs!B29 -> -0.93950562 | C6: =ROW()-2 -> 4 | D6: =(C6-0.5)/99 -> 0.035353535 | E6: =NORMSINV(D6) -> -1.8073542
B7: =LNs!B72 -> -0.83601805 | C7: =ROW()-2 -> 5 | D7: =(C7-0.5)/99 -> 0.045454545 | E7: =NORMSINV(D7) -> -1.6906216
B8: =LNs!B66 -> -0.82178542 | C8: =ROW()-2 -> 6 | D8: =(C8-0.5)/99 -> 0.055555556 | E8: =NORMSINV(D8) -> -1.5932188
B9: =LNs!B33 -> -0.81403202 | C9: =ROW()-2 -> 7 | D9: =(C9-0.5)/99 -> 0.065656566 | E9: =NORMSINV(D9) -> -1.5089439
B10: =LNs!B61 -> -0.79497616 | C10: =ROW()-2 -> 8 | D10: =(C10-0.5)/99 -> 0.075757576 | E10: =NORMSINV(D10) -> -1.4342002
B11: =LNs!B70 -> -0.76420719 | C11: =ROW()-2 -> 9 | D11: =(C11-0.5)/99 -> 0.085858586 | E11: =NORMSINV(D11) -> -1.366707
B12: =LNs!B65 -> -0.74244037 | C12: =ROW()-2 -> 10 | D12: =(C12-0.5)/99 -> 0.095959596 | E12: =NORMSINV(D12) -> -1.3049226
B13: =LNs!B63 -> -0.71334377 | C13: =ROW()-2 -> 11 | D13: =(C13-0.5)/99 -> 0.10606061 | E13: =NORMSINV(D13) -> -1.2477539
B14: =LNs!B40 -> -0.68339093 | C14: =ROW()-2 -> 12 | D14: =(C14-0.5)/99 -> 0.11616162 | E14: =NORMSINV(D14) -> -1.1943957
B15: =LNs!B38 -> -0.66441785 | C15: =ROW()-2 -> 13 | D15: =(C15-0.5)/99 -> 0.12626263 | E15: =NORMSINV(D15) -> -1.1442373
B16: =LNs!B53 -> -0.64682291 | C16: =ROW()-2 -> 14 | D16: =(C16-0.5)/99 -> 0.13636364 | E16: =NORMSINV(D16) -> -1.0968036
B17: =LNs!B37 -> -0.6461262 | C17: =ROW()-2 -> 15 | D17: =(C17-0.5)/99 -> 0.14646465 | E17: =NORMSINV(D17) -> -1.0517173
B18: =LNs!B71 -> -0.64372484 | C18: =ROW()-2 -> 16 | D18: =(C18-0.5)/99 -> 0.15656566 | E18: =NORMSINV(D18) -> -1.0086734
B19: =LNs!B31 -> -0.62055865 | C19: =ROW()-2 -> 17 | D19: =(C19-0.5)/99 -> 0.16666667 | E19: =NORMSINV(D19) -> -0.96742157
B20: =LNs!B69 -> -0.61628059 | C20: =ROW()-2 -> 18 | D20: =(C20-0.5)/99 -> 0.17676768 | E20: =NORMSINV(D20) -> -0.92775369
B21: =LNs!B35 -> -0.61384074 | C21: =ROW()-2 -> 19 | D21: =(C21-0.5)/99 -> 0.18686869 | E21: =NORMSINV(D21) -> -0.88949451
B22: =LNs!B36 -> -0.60840721 | C22: =ROW()-2 -> 20 | D22: =(C22-0.5)/99 -> 0.1969697 | E22: =NORMSINV(D22) -> -0.85249503
B23: =LNs!B30 -> -0.5804973 | C23: =ROW()-2 -> 21 | D23: =(C23-0.5)/99 -> 0.20707071 | E23: =NORMSINV(D23) -> -0.81662736
B24: =LNs!B42 -> -0.54990608 | C24: =ROW()-2 -> 22 | D24: =(C24-0.5)/99 -> 0.21717172 | E24: =NORMSINV(D24) -> -0.78178075
B25: =LNs!B67 -> -0.53169182 | C25: =ROW()-2 -> 23 | D25: =(C25-0.5)/99 -> 0.22727273 | E25: =NORMSINV(D25) -> -0.74785859
B26: =LNs!B68 -> -0.52157991 | C26: =ROW()-2 -> 24 | D26: =(C26-0.5)/99 -> 0.23737374 | E26: =NORMSINV(D26) -> -0.71477599
B27: =LNs!B73 -> -0.49107202 | C27: =ROW()-2 -> 25 | D27: =(C27-0.5)/99 -> 0.24747475 | E27: =NORMSINV(D27) -> -0.68245784
B28: =LNs!B49 -> -0.46696824 | C28: =ROW()-2 -> 26 | D28: =(C28-0.5)/99 -> 0.25757576 | E28: =NORMSINV(D28) -> -0.65083731
B29: =LNs!B82 -> -0.45525059 | C29: =ROW()-2 -> 27 | D29: =(C29-0.5)/99 -> 0.26767677 | E29: =NORMSINV(D29) -> -0.61985457
B30: =LNs!B74 -> -0.44958002 | C30: =ROW()-2 -> 28 | D30: =(C30-0.5)/99 -> 0.27777778 | E30: =NORMSINV(D30) -> -0.5894558
B31: =LNs!B76 -> -0.43266314 | C31: =ROW()-2 -> 29 | D31: =(C31-0.5)/99 -> 0.28787879 | E31: =NORMSINV(D31) -> -0.55959227
B32: =LNs!B52 -> -0.42073815 | C32: =ROW()-2 -> 30 | D32: =(C32-0.5)/99 -> 0.2979798 | E32: =NORMSINV(D32) -> -0.53021973
B33: =LNs!B34 -> -0.41689518 | C33: =ROW()-2 -> 31 | D33: =(C33-0.5)/99 -> 0.30808081 | E33: =NORMSINV(D33) -> -0.50129771
B34: =LNs!B60 -> -0.39712796 | C34: =ROW()-2 -> 32 | D34: =(C34-0.5)/99 -> 0.31818182 | E34: =NORMSINV(D34) -> -0.47278912
B35: =LNs!B56 -> -0.38221842 | C35: =ROW()-2 -> 33 | D35: =(C35-0.5)/99 -> 0.32828283 | E35: =NORMSINV(D35) -> -0.44465976
B36: =LNs!B59 -> -0.35146852 | C36: =ROW()-2 -> 34 | D36: =(C36-0.5)/99 -> 0.33838384 | E36: =NORMSINV(D36) -> -0.41687796
B37: =LNs!B80 -> -0.34568555 | C37: =ROW()-2 -> 35 | D37: =(C37-0.5)/99 -> 0.34848485 | E37: =NORMSINV(D37) -> -0.3894143
B38: =LNs!B32 -> -0.3322416 | C38: =ROW()-2 -> 36 | D38: =(C38-0.5)/99 -> 0.35858586 | E38: =NORMSINV(D38) -> -0.3622413
B39: =LNs!B78 -> -0.31175484 | C39: =ROW()-2 -> 37 | D39: =(C39-0.5)/99 -> 0.36868687 | E39: =NORMSINV(D39) -> -0.33533322
B40: =LNs!B94 -> -0.28549247 | C40: =ROW()-2 -> 38 | D40: =(C40-0.5)/99 -> 0.37878788 | E40: =NORMSINV(D40) -> -0.30866581
B41: =LNs!B58 -> -0.28282854 | C41: =ROW()-2 -> 39 | D41: =(C41-0.5)/99 -> 0.38888889 | E41: =NORMSINV(D41) -> -0.28221615
B42: =LNs!B44 -> -0.27398958 | C42: =ROW()-2 -> 40 | D42: =(C42-0.5)/99 -> 0.3989899 | E42: =NORMSINV(D42) -> -0.25596249
B43: =LNs!B83 -> -0.25450523 | C43: =ROW()-2 -> 41 | D43: =(C43-0.5)/99 -> 0.40909091 | E43: =NORMSINV(D43) -> -0.22988412
B44: =LNs!B28 -> -0.25406421 | C44: =ROW()-2 -> 42 | D44: =(C44-0.5)/99 -> 0.41919192 | E44: =NORMSINV(D44) -> -0.20396118
B45: =LNs!B26 -> -0.24666682 | C45: =ROW()-2 -> 43 | D45: =(C45-0.5)/99 -> 0.42929293 | E45: =NORMSINV(D45) -> -0.1781746
B46: =LNs!B51 -> -0.24418973 | C46: =ROW()-2 -> 44 | D46: =(C46-0.5)/99 -> 0.43939394 | E46: =NORMSINV(D46) -> -0.15250597
B47: =LNs!B79 -> -0.22505788 | C47: =ROW()-2 -> 45 | D47: =(C47-0.5)/99 -> 0.44949495 | E47: =NORMSINV(D47) -> -0.12693746
B48: =LNs!B81 -> -0.21509354 | C48: =ROW()-2 -> 46 | D48: =(C48-0.5)/99 -> 0.45959596 | E48: =NORMSINV(D48) -> -0.10145167
B49: =LNs!B55 -> -0.20766644 | C49: =ROW()-2 -> 47 | D49: =(C49-0.5)/99 -> 0.46969697 | E49: =NORMSINV(D49) -> -0.076031623
B50: =LNs!B90 -> -0.18766662 | C50: =ROW()-2 -> 48 | D50: =(C50-0.5)/99 -> 0.47979798 | E50: =NORMSINV(D50) -> -0.050660617
B51: =LNs!B45 -> -0.10794942 | C51: =ROW()-2 -> 49 | D51: =(C51-0.5)/99 -> 0.48989899 | E51: =NORMSINV(D51) -> -0.025322183
B52: =LNs!B84 -> -0.078032895 | C52: =ROW()-2 -> 50 | D52: =(C52-0.5)/99 -> 0.5 | E52: =NORMSINV(D52) -> 0
B53: =LNs!B39 -> -0.07723856 | C53: =ROW()-2 -> 51 | D53: =(C53-0.5)/99 -> 0.51010101 | E53: =NORMSINV(D53) -> 0.025322183
B54: =LNs!B50 -> -0.075383247 | C54: =ROW()-2 -> 52 | D54: =(C54-0.5)/99 -> 0.52020202 | E54: =NORMSINV(D54) -> 0.050660617
B55: =LNs!B96 -> -0.063753762 | C55: =ROW()-2 -> 53 | D55: =(C55-0.5)/99 -> 0.53030303 | E55: =NORMSINV(D55) -> 0.076031623
B56: =LNs!B92 -> -0.062813077 | C56: =ROW()-2 -> 54 | D56: =(C56-0.5)/99 -> 0.54040404 | E56: =NORMSINV(D56) -> 0.10145167
B57: =LNs!B75 -> -0.056284678 | C57: =ROW()-2 -> 55 | D57: =(C57-0.5)/99 -> 0.55050505 | E57: =NORMSINV(D57) -> 0.12693746
B58: =LNs!B43 -> -0.053320611 | C58: =ROW()-2 -> 56 | D58: =(C58-0.5)/99 -> 0.56060606 | E58: =NORMSINV(D58) -> 0.15250597
B59: =LNs!B48 -> -0.05273117 | C59: =ROW()-2 -> 57 | D59: =(C59-0.5)/99 -> 0.57070707 | E59: =NORMSINV(D59) -> 0.1781746
B60: =LNs!B89 -> -0.034445493 | C60: =ROW()-2 -> 58 | D60: =(C60-0.5)/99 -> 0.58080808 | E60: =NORMSINV(D60) -> 0.20396118
B61: =LNs!B46 -> -0.02443717 | C61: =ROW()-2 -> 59 | D61: =(C61-0.5)/99 -> 0.59090909 | E61: =NORMSINV(D61) -> 0.22988412
B62: =LNs!B57 -> -0.013420655 | C62: =ROW()-2 -> 60 | D62: =(C62-0.5)/99 -> 0.6010101 | E62: =NORMSINV(D62) -> 0.25596249
B63: =LNs!B95 -> -0.0098543955 | C63: =ROW()-2 -> 61 | D63: =(C63-0.5)/99 -> 0.61111111 | E63: =NORMSINV(D63) -> 0.28221615
B64: =LNs!B93 -> -0.0047844271 | C64: =ROW()-2 -> 62 | D64: =(C64-0.5)/99 -> 0.62121212 | E64: =NORMSINV(D64) -> 0.30866581
B65: =LNs!B21 -> 0.018291682 | C65: =ROW()-2 -> 63 | D65: =(C65-0.5)/99 -> 0.63131313 | E65: =NORMSINV(D65) -> 0.33533322
B66: =LNs!B91 -> 0.021565778 | C66: =ROW()-2 -> 64 | D66: =(C66-0.5)/99 -> 0.64141414 | E66: =NORMSINV(D66) -> 0.3622413
B67: =LNs!B25 -> 0.059409767 | C67: =ROW()-2 -> 65 | D67: =(C67-0.5)/99 -> 0.65151515 | E67: =NORMSINV(D67) -> 0.3894143
B68: =LNs!B4 -> 0.085581188 | C68: =ROW()-2 -> 66 | D68: =(C68-0.5)/99 -> 0.66161616 | E68: =NORMSINV(D68) -> 0.41687796
B69: =LNs!B27 -> 0.10666367 | C69: =ROW()-2 -> 67 | D69: =(C69-0.5)/99 -> 0.67171717 | E69: =NORMSINV(D69) -> 0.44465976
B70: =LNs!B24 -> 0.10713095 | C70: =ROW()-2 -> 68 | D70: =(C70-0.5)/99 -> 0.68181818 | E70: =NORMSINV(D70) -> 0.47278912
B71: =LNs!B100 -> 0.13373512 | C71: =ROW()-2 -> 69 | D71: =(C71-0.5)/99 -> 0.69191919 | E71: =NORMSINV(D71) -> 0.50129771
B72: =LNs!B22 -> 0.17733414 | C72: =ROW()-2 -> 70 | D72: =(C72-0.5)/99 -> 0.7020202 | E72: =NORMSINV(D72) -> 0.53021973
B73: =LNs!B64 -> 0.20810301 | C73: =ROW()-2 -> 71 | D73: =(C73-0.5)/99 -> 0.71212121 | E73: =NORMSINV(D73) -> 0.55959227
B74: =LNs!B47 -> 0.23900903 | C74: =ROW()-2 -> 72 | D74: =(C74-0.5)/99 -> 0.72222222 | E74: =NORMSINV(D74) -> 0.5894558
B75: =LNs!B19 -> 0.24807809 | C75: =ROW()-2 -> 73 | D75: =(C75-0.5)/99 -> 0.73232323 | E75: =NORMSINV(D75) -> 0.61985457
B76: =LNs!B99 -> 0.26014642 | C76: =ROW()-2 -> 74 | D76: =(C76-0.5)/99 -> 0.74242424 | E76: =NORMSINV(D76) -> 0.65083731
B77: =LNs!B87 -> 0.3298216 | C77: =ROW()-2 -> 75 | D77: =(C77-0.5)/99 -> 0.75252525 | E77: =NORMSINV(D77) -> 0.68245784
B78: =LNs!B101 -> 0.36417078 | C78: =ROW()-2 -> 76 | D78: =(C78-0.5)/99 -> 0.76262626 | E78: =NORMSINV(D78) -> 0.71477599
B79: =LNs!B5 -> 0.38622792 | C79: =ROW()-2 -> 77 | D79: =(C79-0.5)/99 -> 0.77272727 | E79: =NORMSINV(D79) -> 0.74785859
B80: =LNs!B18 -> 0.42230911 | C80: =ROW()-2 -> 78 | D80: =(C80-0.5)/99 -> 0.78282828 | E80: =NORMSINV(D80) -> 0.78178075
B81: =LNs!B13 -> 0.46494712 | C81: =ROW()-2 -> 79 | D81: =(C81-0.5)/99 -> 0.79292929 | E81: =NORMSINV(D81) -> 0.81662736
B82: =LNs!B98 -> 0.5038856 | C82: =ROW()-2 -> 80 | D82: =(C82-0.5)/99 -> 0.8030303 | E82: =NORMSINV(D82) -> 0.85249503
B83: =LNs!B102 -> 0.53042823 | C83: =ROW()-2 -> 81 | D83: =(C83-0.5)/99 -> 0.81313131 | E83: =NORMSINV(D83) -> 0.88949451
B84: =LNs!B77 -> 0.53066943 | C84: =ROW()-2 -> 82 | D84: =(C84-0.5)/99 -> 0.82323232 | E84: =NORMSINV(D84) -> 0.92775369
B85: =LNs!B23 -> 0.53853806 | C85: =ROW()-2 -> 83 | D85: =(C85-0.5)/99 -> 0.83333333 | E85: =NORMSINV(D85) -> 0.96742157
B86: =LNs!B88 -> 0.55836358 | C86: =ROW()-2 -> 84 | D86: =(C86-0.5)/99 -> 0.84343434 | E86: =NORMSINV(D86) -> 1.0086734
B87: =LNs!B20 -> 0.59704369 | C87: =ROW()-2 -> 85 | D87: =(C87-0.5)/99 -> 0.85353535 | E87: =NORMSINV(D87) -> 1.0517173
B88: =LNs!B6 -> 0.60881947 | C88: =ROW()-2 -> 86 | D88: =(C88-0.5)/99 -> 0.86363636 | E88: =NORMSINV(D88) -> 1.0968036
B89: =LNs!B12 -> 0.61038494 | C89: =ROW()-2 -> 87 | D89: =(C89-0.5)/99 -> 0.87373737 | E89: =NORMSINV(D89) -> 1.1442373
B90: =LNs!B86 -> 0.62617904 | C90: =ROW()-2 -> 88 | D90: =(C90-0.5)/99 -> 0.88383838 | E90: =NORMSINV(D90) -> 1.1943957
B91: =LNs!B7 -> 0.66444416 | C91: =ROW()-2 -> 89 | D91: =(C91-0.5)/99 -> 0.89393939 | E91: =NORMSINV(D91) -> 1.2477539
B92: =LNs!B17 -> 0.68673164 | C92: =ROW()-2 -> 90 | D92: =(C92-0.5)/99 -> 0.9040404 | E92: =NORMSINV(D92) -> 1.3049226
B93: =LNs!B15 -> 0.69196648 | C93: =ROW()-2 -> 91 | D93: =(C93-0.5)/99 -> 0.91414141 | E93: =NORMSINV(D93) -> 1.366707
B94: =LNs!B11 -> 0.70390412 | C94: =ROW()-2 -> 92 | D94: =(C94-0.5)/99 -> 0.92424242 | E94: =NORMSINV(D94) -> 1.4342002
B95: =LNs!B85 -> 0.76715015 | C95: =ROW()-2 -> 93 | D95: =(C95-0.5)/99 -> 0.93434343 | E95: =NORMSINV(D95) -> 1.5089439
B96: =LNs!B8 -> 0.78482806 | C96: =ROW()-2 -> 94 | D96: =(C96-0.5)/99 -> 0.94444444 | E96: =NORMSINV(D96) -> 1.5932188
B97: =LNs!B97 -> 0.85715625 | C97: =ROW()-2 -> 95 | D97: =(C97-0.5)/99 -> 0.95454545 | E97: =NORMSINV(D97) -> 1.6906216
B98: =LNs!B14 -> 1.0276675 | C98: =ROW()-2 -> 96 | D98: =(C98-0.5)/99 -> 0.96464646 | E98: =NORMSINV(D98) -> 1.8073542
B99: =LNs!B9 -> 1.1145119 | C99: =ROW()-2 -> 97 | D99: =(C99-0.5)/99 -> 0.97474747 | E99: =NORMSINV(D99) -> 1.9556614
B100: =LNs!B16 -> 1.1368485 | C100: =ROW()-2 -> 98 | D100: =(C100-0.5)/99 -> 0.98484848 | E100: =NORMSINV(D100) -> 2.1661068
B101: =LNs!B10 -> 1.2231959 | C101: =ROW()-2 -> 99 | D101: =(C101-0.5)/99 -> 0.99494949 | E101: =NORMSINV(D101) -> 2.5723521

Sheet Dec 2 Test
B2: Dec 2 Sorted | C2: Rank | D2: Rank Proportion | E2: Rank-Based Z Scores
B3: =LNs!C41 -> -1.0432041 | C3: =ROW()-2 -> 1 | D3: =(C3-0.5)/99 -> 0.0050505051 | E3: =NORMSINV(D3) -> -2.5723521
B4: =LNs!C29 -> -0.90846146 | C4: =ROW()-2 -> 2 | D4: =(C4-0.5)/99 -> 0.015151515 | E4: =NORMSINV(D4) -> -2.1661068
B5: =LNs!C62 -> -0.85973556 | C5: =ROW()-2 -> 3 | D5: =(C5-0.5)/99 -> 0.025252525 | E5: =NORMSINV(D5) -> -1.9556614
B6: =LNs!C54 -> -0.82028988 | C6: =ROW()-2 -> 4 | D6: =(C6-0.5)/99 -> 0.035353535 | E6: =NORMSINV(D6) -> -1.8073542
B7: =LNs!C35 -> -0.74398795 | C7: =ROW()-2 -> 5 | D7: =(C7-0.5)/99 -> 0.045454545 | E7: =NORMSINV(D7) -> -1.6906216
B8: =LNs!C33 -> -0.7357061 | C8: =ROW()-2 -> 6 | D8: =(C8-0.5)/99 -> 0.055555556 | E8: =NORMSINV(D8) -> -1.5932188
B9: =LNs!C66 -> -0.70498295 | C9: =ROW()-2 -> 7 | D9: =(C9-0.5)/99 -> 0.065656566 | E9: =NORMSINV(D9) -> -1.5089439
B10: =LNs!C31 -> -0.69744038 | C10: =ROW()-2 -> 8 | D10: =(C10-0.5)/99 -> 0.075757576 | E10: =NORMSINV(D10) -> -1.4342002
B11: =LNs!C38 -> -0.67848322 | C11: =ROW()-2 -> 9 | D11: =(C11-0.5)/99 -> 0.085858586 | E11: =NORMSINV(D11) -> -1.366707
B12: =LNs!C61 -> -0.65544108 | C12: =ROW()-2 -> 10 | D12: =(C12-0.5)/99 -> 0.095959596 | E12: =NORMSINV(D12) -> -1.3049226
B13: =LNs!C72 -> -0.6400577 | C13: =ROW()-2 -> 11 | D13: =(C13-0.5)/99 -> 0.10606061 | E13: =NORMSINV(D13) -> -1.2477539
B14: =LNs!C37 -> -0.62768908 | C14: =ROW()-2 -> 12 | D14: =(C14-0.5)/99 -> 0.11616162 | E14: =NORMSINV(D14) -> -1.1943957
B15: =LNs!C70 -> -0.60631465 | C15: =ROW()-2 -> 13 | D15: =(C15-0.5)/99 -> 0.12626263 | E15: =NORMSINV(D15) -> -1.1442373
B16: =LNs!C40 -> -0.59708819 | C16: =ROW()-2 -> 14 | D16: =(C16-0.5)/99 -> 0.13636364 | E16: =NORMSINV(D16) -> -1.0968036
B17: =LNs!C65 -> -0.58904666 | C17: =ROW()-2 -> 15 | D17: =(C17-0.5)/99 -> 0.14646465 | E17: =NORMSINV(D17) -> -1.0517173
B18: =LNs!C36 -> -0.56555112 | C18: =ROW()-2 -> 16 | D18: =(C18-0.5)/99 -> 0.15656566 | E18: =NORMSINV(D18) -> -1.0086734
B19: =LNs!C42 -> -0.54377246 | C19: =ROW()-2 -> 17 | D19: =(C19-0.5)/99 -> 0.16666667 | E19: =NORMSINV(D19) -> -0.96742157
B20: =LNs!C53 -> -0.52697194 | C20: =ROW()-2 -> 18 | D20: =(C20-0.5)/99 -> 0.17676768 | E20: =NORMSINV(D20) -> -0.92775369
B21: =LNs!C63 -> -0.5212784 | C21: =ROW()-2 -> 19 | D21: =(C21-0.5)/99 -> 0.18686869 | E21: =NORMSINV(D21) -> -0.88949451
B22: =LNs!C30 -> -0.51530397 | C22: =ROW()-2 -> 20 | D22: =(C22-0.5)/99 -> 0.1969697 | E22: =NORMSINV(D22) -> -0.85249503
B23: =LNs!C34 -> -0.50255823 | C23: =ROW()-2 -> 21 | D23: =(C23-0.5)/99 -> 0.20707071 | E23: =NORMSINV(D23) -> -0.81662736
B24: =LNs!C71 -> -0.50036882 | C24: =ROW()-2 -> 22 | D24: =(C24-0.5)/99 -> 0.21717172 | E24: =NORMSINV(D24) -> -0.78178075
B25: =LNs!C49 -> -0.4784504 | C25: =ROW()-2 -> 23 | D25: =(C25-0.5)/99 -> 0.22727273 | E25: =NORMSINV(D25) -> -0.74785859
B26: =LNs!C60 -> -0.42367745 | C26: =ROW()-2 -> 24 | D26: =(C26-0.5)/99 -> 0.23737374 | E26: =NORMSINV(D26) -> -0.71477599
B27: =LNs!C69 -> -0.38390814 | C27: =ROW()-2 -> 25 | D27: =(C27-0.5)/99 -> 0.24747475 | E27: =NORMSINV(D27) -> -0.68245784
B28: =LNs!C28 -> -0.32537425 | C28: =ROW()-2 -> 26 | D28: =(C28-0.5)/99 -> 0.25757576 | E28: =NORMSINV(D28) -> -0.65083731
B29: =LNs!C73 -> -0.30148354 | C29: =ROW()-2 -> 27 | D29: =(C29-0.5)/99 -> 0.26767677 | E29: =NORMSINV(D29) -> -0.61985457
B30: =LNs!C32 -> -0.29169411 | C30: =ROW()-2 -> 28 | D30: =(C30-0.5)/99 -> 0.27777778 | E30: =NORMSINV(D30) -> -0.5894558
B31: =LNs!C59 -> -0.2653115 | C31: =ROW()-2 -> 29 | D31: =(C31-0.5)/99 -> 0.28787879 | E31: =NORMSINV(D31) -> -0.55959227
B32: =LNs!C44 -> -0.26332513 | C32: =ROW()-2 -> 30 | D32: =(C32-0.5)/99 -> 0.2979798 | E32: =NORMSINV(D32) -> -0.53021973
B33: =LNs!C74 -> -0.257691 | C33: =ROW()-2 -> 31 | D33: =(C33-0.5)/99 -> 0.30808081 | E33: =NORMSINV(D33) -> -0.50129771
B34: =LNs!C26 -> -0.25545112 | C34: =ROW()-2 -> 32 | D34: =(C34-0.5)/99 -> 0.31818182 | E34: =NORMSINV(D34) -> -0.47278912
B35: =LNs!C56 -> -0.24156086 | C35: =ROW()-2 -> 33 | D35: =(C35-0.5)/99 -> 0.32828283 | E35: =NORMSINV(D35) -> -0.44465976
B36: =LNs!C68 -> -0.24149338 | C36: =ROW()-2 -> 34 | D36: =(C36-0.5)/99 -> 0.33838384 | E36: =NORMSINV(D36) -> -0.41687796
B37: =LNs!C67 -> -0.23512631 | C37: =ROW()-2 -> 35 | D37: =(C37-0.5)/99 -> 0.34848485 | E37: =NORMSINV(D37) -> -0.3894143
B38: =LNs!C58 -> -0.22348736 | C38: =ROW()-2 -> 36 | D38: =(C38-0.5)/99 -> 0.35858586 | E38: =NORMSINV(D38) -> -0.3622413
B39: =LNs!C4 -> -0.22273114 | C39: =ROW()-2 -> 37 | D39: =(C39-0.5)/99 -> 0.36868687 | E39: =NORMSINV(D39) -> -0.33533322
B40: =LNs!C21 -> -0.21630449 | C40: =ROW()-2 -> 38 | D40: =(C40-0.5)/99 -> 0.37878788 | E40: =NORMSINV(D40) -> -0.30866581
B41: =LNs!C52 -> -0.19553811 | C41: =ROW()-2 -> 39 | D41: =(C41-0.5)/99 -> 0.38888889 | E41: =NORMSINV(D41) -> -0.28221615
B42: =LNs!C76 -> -0.15575129 | C42: =ROW()-2 -> 40 | D42: =(C42-0.5)/99 -> 0.3989899 | E42: =NORMSINV(D42) -> -0.25596249
B43: =LNs!C45 -> -0.15100314 | C43: =ROW()-2 -> 41 | D43: =(C43-0.5)/99 -> 0.40909091 | E43: =NORMSINV(D43) -> -0.22988412
B44: =LNs!C55 -> -0.12943465 | C44: =ROW()-2 -> 42 | D44: =(C44-0.5)/99 -> 0.41919192 | E44: =NORMSINV(D44) -> -0.20396118
B45: =LNs!C94 -> -0.12412435 | C45: =ROW()-2 -> 43 | D45: =(C45-0.5)/99 -> 0.42929293 | E45: =NORMSINV(D45) -> -0.1781746
B46: =LNs!C19 -> -0.10150131 | C46: =ROW()-2 -> 44 | D46: =(C46-0.5)/99 -> 0.43939394 | E46: =NORMSINV(D46) -> -0.15250597
B47: =LNs!C48 -> -0.094915258 | C47: =ROW()-2 -> 45 | D47: =(C47-0.5)/99 -> 0.44949495 | E47: =NORMSINV(D47) -> -0.12693746
B48: =LNs!C22 -> -0.070152115 | C48: =ROW()-2 -> 46 | D48: =(C48-0.5)/99 -> 0.45959596 | E48: =NORMSINV(D48) -> -0.10145167
B49: =LNs!C43 -> -0.053300571 | C49: =ROW()-2 -> 47 | D49: =(C49-0.5)/99 -> 0.46969697 | E49: =NORMSINV(D49) -> -0.076031623
B50: =LNs!C39 -> -0.037970855 | C50: =ROW()-2 -> 48 | D50: =(C50-0.5)/99 -> 0.47979798 | E50: =NORMSINV(D50) -> -0.050660617
B51: =LNs!C46 -> -0.032053261 | C51: =ROW()-2 -> 49 | D51: =(C51-0.5)/99 -> 0.48989899 | E51: =NORMSINV(D51) -> -0.025322183
B52: =LNs!C90 -> -0.021634344 | C52: =ROW()-2 -> 50 | D52: =(C52-0.5)/99 -> 0.5 | E52: =NORMSINV(D52) -> 0
B53: =LNs!C51 -> -0.012181899 | C53: =ROW()-2 -> 51 | D53: =(C53-0.5)/99 -> 0.51010101 | E53: =NORMSINV(D53) -> 0.025322183
B54: =LNs!C27 -> 0.028120876 | C54: =ROW()-2 -> 52 | D54: =(C54-0.5)/99 -> 0.52020202 | E54: =NORMSINV(D54) -> 0.050660617
B55: =LNs!C50 -> 0.030257587 | C55: =ROW()-2 -> 53 | D55: =(C55-0.5)/99 -> 0.53030303 | E55: =NORMSINV(D55) -> 0.076031623
B56: =LNs!C82 -> 0.043902046 | C56: =ROW()-2 -> 54 | D56: =(C56-0.5)/99 -> 0.54040404 | E56: =NORMSINV(D56) -> 0.10145167
B57: =LNs!C25 -> 0.046425466 | C57: =ROW()-2 -> 55 | D57: =(C57-0.5)/99 -> 0.55050505 | E57: =NORMSINV(D57) -> 0.12693746
B58: =LNs!C24 -> 0.052677835 | C58: =ROW()-2 -> 56 | D58: =(C58-0.5)/99 -> 0.56060606 | E58: =NORMSINV(D58) -> 0.15250597
B59: =LNs!C78 -> 0.090023503 | C59: =ROW()-2 -> 57 | D59: =(C59-0.5)/99 -> 0.57070707 | E59: =NORMSINV(D59) -> 0.1781746
B60: =LNs!C57 -> 0.091712808 | C60: =ROW()-2 -> 58 | D60: =(C60-0.5)/99 -> 0.58080808 | E60: =NORMSINV(D60) -> 0.20396118
B61: =LNs!C96 -> 0.11060176 | C61: =ROW()-2 -> 59 | D61: =(C61-0.5)/99 -> 0.59090909 | E61: =NORMSINV(D61) -> 0.22988412
B62: =LNs!C83 -> 0.13486301 | C62: =ROW()-2 -> 60 | D62: =(C62-0.5)/99 -> 0.6010101 | E62: =NORMSINV(D62) -> 0.25596249
B63: =LNs!C75 -> 0.138892 | C63: =ROW()-2 -> 61 | D63: =(C63-0.5)/99 -> 0.61111111 | E63: =NORMSINV(D63) -> 0.28221615
B64: =LNs!C92 -> 0.14355474 | C64: =ROW()-2 -> 62 | D64: =(C64-0.5)/99 -> 0.62121212 | E64: =NORMSINV(D64) -> 0.30866581
B65: =LNs!C95 -> 0.15506169 | C65: =ROW()-2 -> 63 | D65: =(C65-0.5)/99 -> 0.63131313 | E65: =NORMSINV(D65) -> 0.33533322
B66: =LNs!C91 -> 0.16823108 | C66: =ROW()-2 -> 64 | D66: =(C66-0.5)/99 -> 0.64141414 | E66: =NORMSINV(D66) -> 0.3622413
B67: =LNs!C89 -> 0.18409498 | C67: =ROW()-2 -> 65 | D67: =(C67-0.5)/99 -> 0.65151515 | E67: =NORMSINV(D67) -> 0.3894143
B68: =LNs!C5 -> 0.19780933 | C68: =ROW()-2 -> 66 | D68: =(C68-0.5)/99 -> 0.66161616 | E68: =NORMSINV(D68) -> 0.41687796
B69: =LNs!C80 -> 0.20491441 | C69: =ROW()-2 -> 67 | D69: =(C69-0.5)/99 -> 0.67171717 | E69: =NORMSINV(D69) -> 0.44465976
B70: =LNs!C81 -> 0.20904463 | C70: =ROW()-2 -> 68 | D70: =(C70-0.5)/99 -> 0.68181818 | E70: =NORMSINV(D70) -> 0.47278912
B71: =LNs!C93 -> 0.22839374 | C71: =ROW()-2 -> 69 | D71: =(C71-0.5)/99 -> 0.69191919 | E71: =NORMSINV(D71) -> 0.50129771
B72: =LNs!C47 -> 0.25815542 | C72: =ROW()-2 -> 70 | D72: =(C72-0.5)/99 -> 0.7020202 | E72: =NORMSINV(D72) -> 0.53021973
B73: =LNs!C84 -> 0.28162376 | C73: =ROW()-2 -> 71 | D73: =(C73-0.5)/99 -> 0.71212121 | E73: =NORMSINV(D73) -> 0.55959227
B74: =LNs!C18 -> 0.29635684 | C74: =ROW()-2 -> 72 | D74: =(C74-0.5)/99 -> 0.72222222 | E74: =NORMSINV(D74) -> 0.5894558
B75: =LNs!C20 -> 0.30932125 | C75: =ROW()-2 -> 73 | D75: =(C75-0.5)/99 -> 0.73232323 | E75: =NORMSINV(D75) -> 0.61985457
B76: =LNs!C13 -> 0.3095781 | C76: =ROW()-2 -> 74 | D76: =(C76-0.5)/99 -> 0.74242424 | E76: =NORMSINV(D76) -> 0.65083731
B77: =LNs!C100 -> 0.36437919 | C77: =ROW()-2 -> 75 | D77: =(C77-0.5)/99 -> 0.75252525 | E77: =NORMSINV(D77) -> 0.68245784
B78: =LNs!C79 -> 0.37262506 | C78: =ROW()-2 -> 76 | D78: =(C78-0.5)/99 -> 0.76262626 | E78: =NORMSINV(D78) -> 0.71477599
B79: =LNs!C64 -> 0.38768124 | C79: =ROW()-2 -> 77 | D79: =(C79-0.5)/99 -> 0.77272727 | E79: =NORMSINV(D79) -> 0.74785859
B80: =LNs!C101 -> 0.45141951 | C80: =ROW()-2 -> 78 | D80: =(C80-0.5)/99 -> 0.78282828 | E80: =NORMSINV(D80) -> 0.78178075
B81: =LNs!C102 -> 0.47160859 | C81: =ROW()-2 -> 79 | D81: =(C81-0.5)/99 -> 0.79292929 | E81: =NORMSINV(D81) -> 0.81662736
B82: =LNs!C12 -> 0.49144707 | C82: =ROW()-2 -> 80 | D82: =(C82-0.5)/99 -> 0.8030303 | E82: =NORMSINV(D82) -> 0.85249503
B83: =LNs!C23 -> 0.4930119 | C83: =ROW()-2 -> 81 | D83: =(C83-0.5)/99 -> 0.81313131 | E83: =NORMSINV(D83) -> 0.88949451
B84: =LNs!C6 -> 0.49579929 | C84: =ROW()-2 -> 82 | D84: =(C84-0.5)/99 -> 0.82323232 | E84: =NORMSINV(D84) -> 0.92775369
B85: =LNs!C98 -> 0.50590755 | C85: =ROW()-2 -> 83 | D85: =(C85-0.5)/99 -> 0.83333333 | E85: =NORMSINV(D85) -> 0.96742157
B86: =LNs!C77 -> 0.53986196 | C86: =ROW()-2 -> 84 | D86: =(C86-0.5)/99 -> 0.84343434 | E86: =NORMSINV(D86) -> 1.0086734
B87: =LNs!C87 -> 0.5635452 | C87: =ROW()-2 -> 85 | D87: =(C87-0.5)/99 -> 0.85353535 | E87: =NORMSINV(D87) -> 1.0517173
B88: =LNs!C7 -> 0.57123375 | C88: =ROW()-2 -> 86 | D88: =(C88-0.5)/99 -> 0.86363636 | E88: =NORMSINV(D88) -> 1.0968036
B89: =LNs!C99 -> 0.5759446 | C89: =ROW()-2 -> 87 | D89: =(C89-0.5)/99 -> 0.87373737 | E89: =NORMSINV(D89) -> 1.1442373
B90: =LNs!C17 -> 0.64681524 | C90: =ROW()-2 -> 88 | D90: =(C90-0.5)/99 -> 0.88383838 | E90: =NORMSINV(D90) -> 1.1943957
B91: =LNs!C11 -> 0.70682817 | C91: =ROW()-2 -> 89 | D91: =(C91-0.5)/99 -> 0.89393939 | E91: =NORMSINV(D91) -> 1.2477539
B92: =LNs!C15 -> 0.79253087 | C92: =ROW()-2 -> 90 | D92: =(C92-0.5)/99 -> 0.9040404 | E92: =NORMSINV(D92) -> 1.3049226
B93: =LNs!C8 -> 0.80522061 | C93: =ROW()-2 -> 91 | D93: =(C93-0.5)/99 -> 0.91414141 | E93: =NORMSINV(D93) -> 1.366707
B94: =LNs!C88 -> 0.80784546 | C94: =ROW()-2 -> 92 | D94: =(C94-0.5)/99 -> 0.92424242 | E94: =NORMSINV(D94) -> 1.4342002
B95: =LNs!C16 -> 0.93684994 | C95: =ROW()-2 -> 93 | D95: =(C95-0.5)/99 -> 0.93434343 | E95: =NORMSINV(D95) -> 1.5089439
B96: =LNs!C86 -> 0.95228702 | C96: =ROW()-2 -> 94 | D96: =(C96-0.5)/99 -> 0.94444444 | E96: =NORMSINV(D96) -> 1.5932188
B97: =LNs!C14 -> 0.96021192 | C97: =ROW()-2 -> 95 | D97: =(C97-0.5)/99 -> 0.95454545 | E97: =NORMSINV(D97) -> 1.6906216
B98: =LNs!C97 -> 0.963014 | C98: =ROW()-2 -> 96 | D98: =(C98-0.5)/99 -> 0.96464646 | E98: =NORMSINV(D98) -> 1.8073542
B99: =LNs!C9 -> 1.0590707 | C99: =ROW()-2 -> 97 | D99: =(C99-0.5)/99 -> 0.97474747 | E99: =NORMSINV(D99) -> 1.9556614
B100: =LNs!C85 -> 1.0973148 | C100: =ROW()-2 -> 98 | D100: =(C100-0.5)/99 -> 0.98484848 | E100: =NORMSINV(D100) -> 2.1661068
B101: =LNs!C10 -> 1.2376464 | C101: =ROW()-2 -> 99 | D101: =(C101-0.5)/99 -> 0.99494949 | E101: =NORMSINV(D101) -> 2.5723521

Sheet Dec 3 Test
B2: Dec 3 Sorted | C2: Rank | D2: Rank Proportion | E2: Rank-Based Z Scores
B3: =LNs!D41 -> -1.0109696 | C3: 1 | D3: 0.0050505051 | E3: -2.5723521
B4: =LNs!D29 -> -0.92986748 | C4: 2 | D4: 0.015151515 | E4: -2.1661068
B5: =LNs!D31 -> -0.72093779 | C5: 3 | D5: 0.025252525 | E5: -1.9556614
B6: =LNs!D54 -> -0.72089049 | C6: 4 | D6: 0.035353535 | E6: -1.8073542
B7: =LNs!D62 -> -0.70422835 | C7: 5 | D7: 0.045454545 | E7: -1.6906216
B8: =LNs!D66 -> -0.66427988 | C8: 6 | D8: 0.055555556 | E8: -1.5932188
B9: =LNs!D33 -> -0.64069516 | C9: 7 | D9: 0.065656566 | E9: -1.5089439
B10: =LNs!D35 -> -0.62779774 | C10: 8 | D10: 0.075757576 | E10: -1.4342002
B11: =LNs!D38 -> -0.60797549 | C11: 9 | D11: 0.085858586 | E11: -1.366707
B12: =LNs!D42 -> -0.58416364 | C12: 10 | D12: 0.095959596 | E12: -1.3049226
B13: =LNs!D40 -> -0.58043118 | C13: 11 | D13: 0.10606061 | E13: -1.2477539
B14: =LNs!D36 -> -0.57576956 | C14: 12 | D14: 0.11616162 | E14: -1.1943957
B15: =LNs!D65 -> -0.56777171 | C15: 13 | D15: 0.12626263 | E15: -1.1442373
B16: =LNs!D37 -> -0.56585219 | C16: 14 | D16: 0.13636364 | E16: -1.0968036
B17: =LNs!D72 -> -0.56525189 | C17: 15 | D17: 0.14646465 | E17: -1.0517173
B18: =LNs!D49 -> -0.55092219 | C18: 16 | D18: 0.15656566 | E18: -1.0086734
B19: =LNs!D70 -> -0.52820409 | C19: 17 | D19: 0.16666667 | E19: -0.96742157
B20: =LNs!D61 -> -0.51470982 | C20: 18 | D20: 0.17676768 | E20: -0.92775369
B21: =LNs!D30 -> -0.49580073 | C21: 19 | D21: 0.18686869 | E21: -0.88949451
B22: =LNs!D69 -> -0.45587826 | C22: 20 | D22: 0.1969697 | E22: -0.85249503
B23: =LNs!D71 -> -0.44934176 | C23: 21 | D23: 0.20707071 | E23: -0.81662736
B24: =LNs!D63 -> -0.43669884 | C24: 22 | D24: 0.21717172 | E24: -0.78178075
B25: =LNs!D53 -> -0.43587432 | C25: 23 | D25: 0.22727273 | E25: -0.74785859
B26: =LNs!D19 -> -0.42446904 | C26: 24 | D26: 0.23737374 | E26: -0.71477599
B27: =LNs!D60 -> -0.42005756 | C27: 25 | D27: 0.24747475 | E27: -0.68245784
B28: =LNs!D34 -> -0.34194398 | C28: 26 | D28: 0.25757576 | E28: -0.65083731
B29: =LNs!D44 -> -0.32777655 | C29: 27 | D29: 0.26767677 | E29: -0.61985457
B30: =LNs!D28 -> -0.31667157 | C30: 28 | D30: 0.27777778 | E30: -0.5894558
B31: =LNs!D26 -> -0.29907472 | C31: 29 | D31: 0.28787879 | E31: -0.55959227
B32: =LNs!D73 -> -0.28294265 | C32: 30 | D32: 0.2979798 | E32: -0.53021973
B33: =LNs!D32 -> -0.25472194 | C33: 31 | D33: 0.30808081 | E33: -0.50129771
B34: =LNs!D21 -> -0.25358085 | C34: 32 | D34: 0.31818182 | E34: -0.47278912
B35: =LNs!D68 -> -0.2404792 | C35: 33 | D35: 0.32828283 | E35: -0.44465976
B36: =LNs!D45 -> -0.23914591 | C36: 34 | D36: 0.33838384 | E36: -0.41687796
B37: =LNs!D4 -> -0.23829526 | C37: 35 | D37: 0.34848485 | E37: -0.3894143
B38: =LNs!D58 -> -0.21354229 | C38: 36 | D38: 0.35858586 | E38: -0.3622413
B39: =LNs!D56 -> -0.20573226 | C39: 37 | D39: 0.36868687 | E39: -0.33533322
B40: =LNs!D67 -> -0.2022643 | C40: 38 | D40: 0.37878788 | E40: -0.30866581
B41: =LNs!D74 -> -0.19849972 | C41: 39 | D41: 0.38888889 | E41: -0.28221615
B42: =LNs!D59 -> -0.18837625 | C42: 40 | D42: 0.3989899 | E42: -0.25596249
B43: =LNs!D94 -> -0.18293535 | C43: 41 | D43: 0.40909091 | E43: -0.22988412
B44: =LNs!D52 -> -0.16341227 | C44: 42 | D44: 0.41919192 | E44: -0.20396118
B45: =LNs!D76 -> -0.12482993 | C45: 43 | D45: 0.42929293 | E45: -0.1781746
B46: =LNs!D48 -> -0.11713287 | C46: 44 | D46: 0.43939394 | E46: -0.15250597
B47: =LNs!D46 -> -0.10093698 | C47: 45 | D47: 0.44949495 | E47: -0.12693746
B48: =LNs!D43 -> -0.10016404 | C48: 46 | D48: 0.45959596 | E48: -0.10145167
B49: =LNs!D55 -> -0.099217202 | C49: 47 | D49: 0.46969697 | E49: -0.076031623
B50: =LNs!D22 -> -0.038628569 | C50: 48 | D50: 0.47979798 | E50: -0.050660617
B51: =LNs!D27 -> -0.029637895 | C51: 49 | D51: 0.48989899 | E51: -0.025322183
B52: =LNs!D90 -> -0.021800923 | C52: 50 | D52: 0.5 | E52: 0
B53: =LNs!D24 -> -0.0021783709 | C53: 51 | D53: 0.51010101 | E53: 0.025322183
B54: =LNs!D5 -> 0.022583072 | C54: 52 | D54: 0.52020202 | E54: 0.050660617
B55: =LNs!D51 -> 0.026417953 | C55: 53 | D55: 0.53030303 | E55: 0.076031623
B56: =LNs!D50 -> 0.030635892 | C56: 54 | D56: 0.54040404 | E56: 0.10145167
B57: =LNs!D39 -> 0.039076472 | C57: 55 | D57: 0.55050505 | E57: 0.12693746
B58: =LNs!D25 -> 0.040969184 | C58: 56 | D58: 0.56060606 | E58: 0.15250597
B59: =LNs!D82 -> 0.060888117 | C59: 57 | D59: 0.57070707 | E59: 0.1781746
B60: =LNs!D18 -> 0.070486422 | C60: 58 | D60: 0.58080808 | E60: 0.20396118
B61: =LNs!D57 -> 0.084111343 | C61: 59 | D61: 0.59090909 | E61: 0.22988412
B62: =LNs!D96 -> 0.10089456 | C62: 60 | D62: 0.6010101 | E62: 0.25596249
B63: =LNs!D83 -> 0.10834306 | C63: 61 | D63: 0.61111111 | E63: 0.28221615
B64: =LNs!D92 -> 0.11047641 | C64: 62 | D64: 0.62121212 | E64: 0.30866581
B65: =LNs!D91 -> 0.12927234 | C65: 63 | D65: 0.63131313 | E65: 0.33533322
B66: =LNs!D89 -> 0.13016824 | C66: 64 | D66: 0.64141414 | E66: 0.3622413
B67: =LNs!D20 -> 0.1483769 | C67: 65 | D67: 0.65151515 | E67: 0.3894143
B68: =LNs!D81 -> 0.16434426 | C68: 66 | D68: 0.66161616 | E68: 0.41687796
B69: =LNs!D95 -> 0.17899102 | C69: 67 | D69: 0.67171717 | E69: 0.44465976
B70: =LNs!D93 -> 0.20013692 | C70: 68 | D70: 0.68181818 | E70: 0.47278912
B71: =LNs!D80 -> 0.20442546 | C71: 69 | D71: 0.69191919 | E71: 0.50129771
B72: =LNs!D75 -> 0.21626394 | C72: 70 | D72: 0.7020202 | E72: 0.53021973
B73: =LNs!D84 -> 0.24567969 | C73: 71 | D73: 0.71212121 | E73: 0.55959227
B74: =LNs!D13 -> 0.24901401 | C74: 72 | D74: 0.72222222 | E74: 0.5894558
B75: =LNs!D47 -> 0.27232983 | C75: 73 | D75: 0.73232323 | E75: 0.61985457
B76: =LNs!D100 -> 0.31711465 | C76: 74 | D76: 0.74242424 | E76: 0.65083731
B77: =LNs!D78 -> 0.32347384 | C77: 75 | D77: 0.75252525 | E77: 0.68245784
B78: =LNs!D101 -> 0.3527884 | C78: 76 | D78: 0.76262626 | E78: 0.71477599
B79: =LNs!D12 -> 0.36399707 | C79: 77 | D79: 0.77272727 | E79: 0.74785859
B80: =LNs!D64 -> 0.3927783 | C80: 78 | D80: 0.78282828 | E80: 0.78178075
B81: =LNs!D102 -> 0.42431303 | C81: 79 | D81: 0.79292929 | E81: 0.81662736
B82: =LNs!D7 -> 0.43712526 | C82: 80 | D82: 0.8030303 | E82: 0.85249503
B83: =LNs!D98 -> 0.44324889 | C83: 81 | D83: 0.81313131 | E83: 0.88949451
B84: =LNs!D17 -> 0.4548075 | C84: 82 | D84: 0.82323232 | E84: 0.92775369
B85: =LNs!D23 -> 0.45848757 | C85: 83 | D85: 0.83333333 | E85: 0.96742157
B86: =LNs!D79 -> 0.47858545 | C86: 84 | D86: 0.84343434 | E86: 1.0086734
B87: =LNs!D87 -> 0.49992038 | C87: 85 | D87: 0.85353535 | E87: 1.0517173
B88: =LNs!D6 -> 0.53187453 | C88: 86 | D88: 0.86363636 | E88: 1.0968036
B89: =LNs!D77 -> 0.54776296 | C89: 87 | D89: 0.87373737 | E89: 1.1442373
B90: =LNs!D99 -> 0.60931438 | C90: 88 | D90: 0.88383838 | E90: 1.1943957
B91: =LNs!D11 -> 0.61397951 | C91: 89 | D91: 0.89393939 | E91: 1.2477539
B92: =LNs!D8 -> 0.68703856 | C92: 90 | D92: 0.9040404 | E92: 1.3049226
B93: =LNs!D16 -> 0.73255538 | C93: 91 | D93: 0.91414141 | E93: 1.366707
B94: =LNs!D15 -> 0.74537429 | C94: 92 | D94: 0.92424242 | E94: 1.4342002
B95: =LNs!D88 -> 0.75033532 | C95: 93 | D95: 0.93434343 | E95: 1.5089439
B96: =LNs!D86 -> 0.83232634 | C96: 94 | D96: 0.94444444 | E96: 1.5932188
B97: =LNs!D14 -> 0.84238151 | C97: 95 | D97: 0.95454545 | E97: 1.6906216
B98: =LNs!D97 -> 0.96587677 | C98: 96 | D98: 0.96464646 | E98: 1.8073542
B99: =LNs!D9 -> 0.98496569 | C99: 97 | D99: 0.97474747 | E99: 1.9556614
B100: =LNs!D85 -> 1.0297373 | C100: 98 | D100: 0.98484848 | E100: 2.1661068
B101: =LNs!D10 -> 1.1992446 | C101: 99 | D101: 0.99494949 | E101: 2.5723521

Sheet Dec 4 Test
B2: Dec 4 Sorted | C2: Rank | D2: Rank Proportion | E2: Rank-Based Z Scores
B3: =LNs!E29 -> -0.94537202 | C3: 1 | D3: 0.0050505051 | E3: -2.5723521
B4: =LNs!E41 -> -0.93437324 | C4: 2 | D4: 0.015151515 | E4: -2.1661068
B5: =LNs!E54 -> -0.75341749 | C5: 3 | D5: 0.025252525 | E5: -1.9556614
B6: =LNs!E62 -> -0.73775759 | C6: 4 | D6: 0.035353535 | E6: -1.8073542
B7: =LNs!E31 -> -0.73768649 | C7: 5 | D7: 0.045454545 | E7: -1.6906216
B8: =LNs!E66 -> -0.68521473 | C8: 6 | D8: 0.055555556 | E8: -1.5932188
B9: =LNs!E35 -> -0.66232704 | C9: 7 | D9: 0.065656566 | E9: -1.5089439
B10: =LNs!E38 -> -0.64513065 | C10: 8 | D10: 0.075757576 | E10: -1.4342002
B11: =LNs!E49 -> -0.63319855 | C11: 9 | D11: 0.085858586 | E11: -1.366707
B12: =LNs!E33 -> -0.62397193 | C12: 10 | D12: 0.095959596 | E12: -1.3049226
B13: =LNs!E72 -> -0.61476123 | C13: 11 | D13: 0.10606061 | E13: -1.2477539
B14: =LNs!E70 -> -0.55090484 | C14: 12 | D14: 0.11616162 | E14: -1.1943957
B15: =LNs!E37 -> -0.54473752 | C15: 13 | D15: 0.12626263 | E15: -1.1442373
B16: =LNs!E30 -> -0.53002543 | C16: 14 | D16: 0.13636364 | E16: -1.0968036
B17: =LNs!E40 -> -0.52445982 | C17: 15 | D17: 0.14646465 | E17: -1.0517173
B18: =LNs!E36 -> -0.51677998 | C18: 16 | D18: 0.15656566 | E18: -1.0086734
B19: =LNs!E61 -> -0.51078896 | C19: 17 | D19: 0.16666667 | E19: -0.96742157
B20: =LNs!E42 -> -0.48187542 | C20: 18 | D20: 0.17676768 | E20: -0.92775369
B21: =LNs!E65 -> -0.47278509 | C21: 19 | D21: 0.18686869 | E21: -0.88949451
B22: =LNs!E71 -> -0.46540144 | C22: 20 | D22: 0.1969697 | E22: -0.85249503
B23: =LNs!E53 -> -0.46482029 | C23: 21 | D23: 0.20707071 | E23: -0.81662736
B24: =LNs!E69 -> -0.43330455 | C24: 22 | D24: 0.21717172 | E24: -0.78178075
B25: =LNs!E4 -> -0.41171963 | C25: 23 | D25: 0.22727273 | E25: -0.74785859
B26: =LNs!E63 -> -0.40963881 | C26: 24 | D26: 0.23737374 | E26: -0.71477599
B27: =LNs!E26 -> -0.39014161 | C27: 25 | D27: 0.24747475 | E27: -0.68245784
B28: =LNs!E28 -> -0.38403293 | C28: 26 | D28: 0.25757576 | E28: -0.65083731
B29: =LNs!E60 -> -0.37110861 | C29: 27 | D29: 0.26767677 | E29: -0.61985457
B30: =LNs!E21 -> -0.36318034 | C30: 28 | D30: 0.27777778 | E30: -0.5894558
B31: =LNs!E44 -> -0.36293449 | C31: 29 | D31: 0.28787879 | E31: -0.55959227
B32: =LNs!E34 -> -0.32942115 | C32: 30 | D32: 0.2979798 | E32: -0.53021973
B33: =LNs!E32 -> -0.29736345 | C33: 31 | D33: 0.30808081 | E33: -0.50129771
B34: =LNs!E73 -> -0.28524371 | C34: 32 | D34: 0.31818182 | E34: -0.47278912
B35: =LNs!E45 -> -0.28415098 | C35: 33 | D35: 0.32828283 | E35: -0.44465976
B36: =LNs!E56 -> -0.27808956 | C36: 34 | D36: 0.33838384 | E36: -0.41687796
B37: =LNs!E19 -> -0.25917496 | C37: 35 | D37: 0.34848485 | E37: -0.3894143
B38: =LNs!E48 -> -0.2535525 | C38: 36 | D38: 0.35858586 | E38: -0.3622413
B39: =LNs!E58 -> -0.24565121 | C39: 37 | D39: 0.36868687 | E39: -0.33533322
B40: =LNs!E68 -> -0.23010019 | C40: 38 | D40: 0.37878788 | E40: -0.30866581
B41: =LNs!E94 -> -0.2081047 | C41: 39 | D41: 0.38888889 | E41: -0.28221615
B42: =LNs!E59 -> -0.19102734 | C42: 40 | D42: 0.3989899 | E42: -0.25596249
B43: =LNs!E52 -> -0.1796974 | C43: 41 | D43: 0.40909091 | E43: -0.22988412
B44: =LNs!E67 -> -0.17580086 | C44: 42 | D44: 0.41919192 | E44: -0.20396118
B45: =LNs!E74 -> -0.16906265 | C45: 43 | D45: 0.42929293 | E45: -0.1781746
B46: =LNs!E55 -> -0.15016961 | C46: 44 | D46: 0.43939394 | E46: -0.15250597
B47: =LNs!E46 -> -0.13041169 | C47: 45 | D47: 0.44949495 | E47: -0.12693746
B48: =LNs!E25 -> -0.12621877 | C48: 46 | D48: 0.45959596 | E48: -0.10145167
B49: =LNs!E76 -> -0.12519368 | C49: 47 | D49: 0.46969697 | E49: -0.076031623
B50: =LNs!E5 -> -0.11655854 | C50: 48 | D50: 0.47979798 | E50: -0.050660617
B51: =LNs!E22 -> -0.099520933 | C51: 49 | D51: 0.48989899 | E51: -0.025322183
B52: =LNs!E90 -> -0.08270575 | C52: 50 | D52: 0.5 | E52: 0
B53: =LNs!E24 -> -0.071043902 | C53: 51 | D53: 0.51010101 | E53: 0.025322183
B54: =LNs!E27 -> -0.049996241 | C54: 52 | D54: 0.52020202 | E54: 0.050660617
B55: =LNs!E43 -> -0.042210458 | C55: 53 | D55: 0.53030303 | E55: 0.076031623
B56: =LNs!E51 -> -0.013705493 | C56: 54 | D56: 0.54040404 | E56: 0.10145167
B57: =LNs!E82 -> 0.0086921139 | C57: 55 | D57: 0.55050505 | E57: 0.12693746
B58: =LNs!E50 -> 0.022974064 | C58: 56 | D58: 0.56060606 | E58: 0.15250597
B59: =LNs!E39 -> 0.035270614 | C59: 57 | D59: 0.57070707 | E59: 0.1781746
B60: =LNs!E57 -> 0.042609197 | C60: 58 | D60: 0.58080808 | E60: 0.20396118
B61: =LNs!E91 -> 0.053341695 | C61: 59 | D61: 0.59090909 | E61: 0.22988412
B62: =LNs!E83 -> 0.059494572 | C62: 60 | D62: 0.6010101 | E62: 0.25596249
B63: =LNs!E89 -> 0.064729128 | C63: 61 | D63: 0.61111111 | E63: 0.28221615
B64: =LNs!E96 -> 0.07554337 | C64: 62 | D64: 0.62121212 | E64: 0.30866581
B65: =LNs!E92 -> 0.086260262 | C65: 63 | D65: 0.63131313 | E65: 0.33533322
B66: =LNs!E81 -> 0.12301378 | C66: 64 | D66: 0.64141414 | E66: 0.3622413
B67: =LNs!E20 -> 0.14471487 | C67: 65 | D67: 0.65151515 | E67: 0.3894143
B68: =LNs!E95 -> 0.17291075 | C68: 66 | D68: 0.66161616 | E68: 0.41687796
B69: =LNs!E80 -> 0.17575001 | C69: 67 | D69: 0.67171717 | E69: 0.44465976
B70: =LNs!E18 -> 0.17732577 | C70: 68 | D70: 0.68181818 | E70: 0.47278912
B71: =LNs!E84 -> 0.19124826 | C71: 69 | D71: 0.69191919 | E71: 0.50129771
B72: =LNs!E93 -> 0.20910142 | C72: 70 | D72: 0.7020202 | E72: 0.53021973
B73: =LNs!E47 -> 0.222095 | C73: 71 | D73: 0.71212121 | E73: 0.55959227
B74: =LNs!E75 -> 0.26796394 | C74: 72 | D74: 0.72222222 | E74: 0.5894558
B75: =LNs!E7 -> 0.26893494 | C75: 73 | D75: 0.73232323 | E75: 0.61985457
B76: =LNs!E100 -> 0.28129925 | C76: 74 | D76: 0.74242424 | E76: 0.65083731
B77: =LNs!E13 -> 0.28790455 | C77: 75 | D77: 0.75252525 | E77: 0.68245784
B78: =LNs!E101 -> 0.290159 | C78: 76 | D78: 0.76262626 | E78: 0.71477599
B79: =LNs!E98 -> 0.34274538 | C79: 77 | D79: 0.77272727 | E79: 0.74785859
B80: =LNs!E12 -> 0.34613257 | C80: 78 | D80: 0.78282828 | E80: 0.78178075
B81: =LNs!E23 -> 0.35958869 | C81: 79 | D81: 0.79292929 | E81: 0.81662736
B82: =LNs!E78 -> 0.38473165 | C82: 80 | D82: 0.8030303 | E82: 0.85249503
B83: =LNs!E102 -> 0.40423101 | C83: 81 | D83: 0.81313131 | E83: 0.88949451
B84: =LNs!E87 -> 0.43674411 | C84: 82 | D84: 0.82323232 | E84: 0.92775369
B85: =LNs!E79 -> 0.48304324 | C85: 83 | D85: 0.83333333 | E85: 0.96742157
B86: =LNs!E6 -> 0.4843379 | C86: 84 | D86: 0.84343434 | E86: 1.0086734
B87: =LNs!E8 -> 0.50502081 | C87: 85 | D87: 0.85353535 | E87: 1.0517173
B88: =LNs!E64 -> 0.52961009 | C88: 86 | D88: 0.86363636 | E88: 1.0968036
B89: =LNs!E17 -> 0.53178053 | C89: 87 | D89: 0.87373737 | E89: 1.1442373
B90: =LNs!E77 -> 0.60141559 | C90: 88 | D90: 0.88383838 | E90: 1.1943957
B91: =LNs!E99 -> 0.60469294 | C91: 89 | D91: 0.89393939 | E91: 1.2477539
B92: =LNs!E11 -> 0.6235988 | C92: 90 | D92: 0.9040404 | E92: 1.3049226
B93: =LNs!E15 -> 0.65373565 | C93: 91 | D93: 0.91414141 | E93: 1.366707
B94: =LNs!E88 -> 0.72136528 | C94: 92 | D94: 0.92424242 | E94: 1.4342002
B95: =LNs!E16 -> 0.74534582 | C95: 93 | D95: 0.93434343 | E95: 1.5089439
B96: =LNs!E14 -> 0.75491938 | C96: 94 | D96: 0.94444444 | E96: 1.5932188
B97: =LNs!E86 -> 0.78602258 | C97: 95 | D97: 0.95454545 | E97: 1.6906216
B98: =LNs!E97 -> 0.9282114 | C98: 96 | D98: 0.96464646 | E98: 1.8073542
B99: =LNs!E9 -> 0.94481988 | C99: 97 | D99: 0.97474747 | E99: 1.9556614
B100: =LNs!E85 -> 1.00205 | C100: 98 | D100: 0.98484848 | E100: 2.1661068
B101: =LNs!E10 -> 1.1832169 | C101: 99 | D101: 0.99494949 | E101: 2.5723521

Sheet Dec 5 Test
B2: Dec 5 Sorted | C2: Rank | D2: Rank Proportion | E2: Rank-Based Z Scores
B3: =LNs!F41 -> -1.0282312 | C3: 1 | D3: 0.0050505051 | E3: -2.5723521
B4: =LNs!F29 -> -0.9176066 | C4: 2 | D4: 0.015151515 | E4: -2.1661068
B5: =LNs!F62 -> -0.73198989 | C5: 3 | D5: 0.025252525 | E5: -1.9556614
B6: =LNs!F54 -> -0.73136216 | C6: 4 | D6: 0.035353535 | E6: -1.8073542
B7: =LNs!F31 -> -0.69020551 | C7: 5 | D7: 0.045454545 | E7: -1.6906216
B8: =LNs!F49 -> -0.65950933 | C8: 6 | D8: 0.055555556 | E8: -1.5932188
B9: =LNs!F40 -> -0.64786793 | C9: 7 | D9: 0.065656566 | E9: -1.5089439
B10: =LNs!F38 -> -0.63464811 | C10: 8 | D10: 0.075757576 | E10: -1.4342002
B11: =LNs!F72 -> -0.63353766 | C11: 9 | D11: 0.085858586 | E11: -1.366707
B12: =LNs!F66 -> -0.61085224 | C12: 10 | D12: 0.095959596 | E12: -1.3049226
B13: =LNs!F35 -> -0.59997929 | C13: 11 | D13: 0.10606061 | E13: -1.2477539
B14: =LNs!F33 -> -0.58998067 | C14: 12 | D14: 0.11616162 | E14: -1.1943957
B15: =LNs!F4 -> -0.55567481 | C15: 13 | D15: 0.12626263 | E15: -1.1442373
B16: =LNs!F42 -> -0.54316288 | C16: 14 | D16: 0.13636364 | E16: -1.0968036
B17: =LNs!F70 -> -0.5394103 | C17: 15 | D17: 0.14646465 | E17: -1.0517173
B18: =LNs!F30 -> -0.53329621 | C18: 16 | D18: 0.15656566 | E18: -1.0086734
B19: =LNs!F36 -> -0.52156138 | C19: 17 | D19: 0.16666667 | E19: -0.96742157
B20: =LNs!F65 -> -0.51330703 | C20: 18 | D20: 0.17676768 | E20: -0.92775369
B21: =LNs!F44 -> -0.49856114 | C21: 19 | D21: 0.18686869 | E21: -0.88949451
B22: =LNs!F28 -> -0.49757382 | C22: 20 | D22: 0.1969697 | E22: -0.85249503
B23: =LNs!F53 -> -0.46425379 | C23: 21 | D23: 0.20707071 | E23: -0.81662736
B24: =LNs!F19 -> -0.43561148 | C24: 22 | D24: 0.21717172 | E24: -0.78178075
B25: =LNs!F63 -> -0.43180806 | C25: 23 | D25: 0.22727273 | E25: -0.74785859
B26: =LNs!F26 -> -0.41539424 | C26: 24 | D26: 0.23737374 | E26: -0.71477599
B27: =LNs!F71 -> -0.40821037 | C27: 25 | D27: 0.24747475 | E27: -0.68245784
B28: =LNs!F21 -> -0.40153185 | C28: 26 | D28: 0.25757576 | E28: -0.65083731
B29: =LNs!F69 -> -0.39734516 | C29: 27 | D29: 0.26767677 | E29: -0.61985457
B30: =LNs!F61 -> -0.39139802 | C30: 28 | D30: 0.27777778 | E30: -0.5894558
B31: =LNs!F37 -> -0.387775 | C31: 29 | D31: 0.28787879 | E31: -0.55959227
B32: =LNs!F45 -> -0.35601088 | C32: 30 | D32: 0.2979798 | E32: -0.53021973
B33: =LNs!F60 -> -0.35385464 | C33: 31 | D33: 0.30808081 | E33: -0.50129771
B34: =LNs!F73 -> -0.33017073 | C34: 32 | D34: 0.31818182 | E34: -0.47278912
B35: =LNs!F48 -> -0.29926624 | C35: 33 | D35: 0.32828283 | E35: -0.44465976
B36: =LNs!F56 -> -0.27864569 | C36: 34 | D36: 0.33838384 | E36: -0.41687796
B37: =LNs!F58 -> -0.25709209 | C37: 35 | D37: 0.34848485 | E37: -0.3894143
B38: =LNs!F94 -> -0.25371488 | C38: 36 | D38: 0.35858586 | E38: -0.3622413
B39: =LNs!F46 -> -0.21804408 | C39: 37 | D39: 0.36868687 | E39: -0.33533322
B40: =LNs!F32 -> -0.2137082 | C40: 38 | D40: 0.37878788 | E40: -0.30866581
B41: =LNs!F68 -> -0.21271809 | C41: 39 | D41: 0.38888889 | E41: -0.28221615
B42: =LNs!F34 -> -0.20893128 | C42: 40 | D42: 0.3989899 | E42: -0.25596249
B43: =LNs!F55 -> -0.20691962 | C43: 41 | D43: 0.40909091 | E43: -0.22988412
B44: =LNs!F52 -> -0.20066925 | C44: 42 | D44: 0.41919192 | E44: -0.20396118
B45: =LNs!F27 -> -0.15133 | C45: 43 | D45: 0.42929293 | E45: -0.1781746
B46: =LNs!F43 -> -0.13180602 | C46: 44 | D46: 0.43939394 | E46: -0.15250597
B47: =LNs!F25 -> -0.1310556 | C47: 45 | D47: 0.44949495 | E47: -0.12693746
B48: =LNs!F74 -> -0.130594 | C48: 46 | D48: 0.45959596 | E48: -0.10145167
B49: =LNs!F22 -> -0.12317153 | C49: 47 | D49: 0.46969697 | E49: -0.076031623
B50: =LNs!F90 -> -0.11946846 | C50: 48 | D50: 0.47979798 | E50: -0.050660617
B51: =LNs!F59 -> -0.11681588 | C51: 49 | D51: 0.48989899 | E51: -0.025322183
B52: =LNs!F67 -> -0.11208642 | C52: 50 | D52: 0.5 | E52: 0
B53: =LNs!F24 -> -0.061078912 | C53: 51 | D53: 0.51010101 | E53: 0.025322183
B54: =LNs!F82 -> -0.058859743 | C54: 52 | D54: 0.52020202 | E54: 0.050660617
B55: =LNs!F91 -> -0.056143987 | C55: 53 | D55: 0.53030303 | E55: 0.076031623
B56: =LNs!F18 -> -0.041744295 | C56: 54 | D56: 0.54040404 | E56: 0.10145167
B57: =LNs!F5 -> -0.040581398 | C57: 55 | D57: 0.55050505 | E57: 0.12693746
B58: =LNs!F50 -> -0.032764956 | C58: 56 | D58: 0.56060606 | E58: 0.15250597
B59: =LNs!F20 -> -0.022288555 | C59: 57 | D59: 0.57070707 | E59: 0.1781746
B60: =LNs!F57 -> 0.033009154 | C60: 58 | D60: 0.58080808 | E60: 0.20396118
B61: =LNs!F51 -> 0.035772467 | C61: 59 | D61: 0.59090909 | E61: 0.22988412
B62: =LNs!F39 -> 0.038489677 | C62: 60 | D62: 0.6010101 | E62: 0.25596249
B63: =LNs!F83 -> 0.040930789 | C63: 61 | D63: 0.61111111 | E63: 0.28221615
B64: =LNs!F89 -> 0.042590031 | C64: 62 | D64: 0.62121212 | E64: 0.30866581
B65: =LNs!F96 -> 0.046501834 | C65: 63 | D65: 0.63131313 | E65: 0.33533322
B66: =LNs!F81 -> 0.052744241 | C66: 64 | D66: 0.64141414 | E66: 0.3622413
B67: =LNs!F92 -> 0.054118799 | C67: 65 | D67: 0.65151515 | E67: 0.3894143
B68: =LNs!F76 -> 0.081331108 | C68: 66 | D68: 0.66161616 | E68: 0.41687796
B69: =LNs!F84 -> 0.1211374 | C69: 67 | D69: 0.67171717 | E69: 0.44465976
B70: =LNs!F47 -> 0.1284196 | C70: 68 | D70: 0.68181818 | E70: 0.47278912
B71: =LNs!F13 -> 0.14166448 | C71: 69 | D71: 0.69191919 | E71: 0.50129771
B72: =LNs!F95 -> 0.16877184 | C72: 70 | D72: 0.7020202 | E72: 0.53021973
B73: =LNs!F93 -> 0.17088137 | C73: 71 | D73: 0.71212121 | E73: 0.55959227
B74: =LNs!F80 -> 0.20058706 | C74: 72 | D74: 0.72222222 | E74: 0.5894558
B75: =LNs!F12 -> 0.20659945 | C75: 73 | D75: 0.73232323 | E75: 0.61985457
B76: =LNs!F101 -> 0.22475825 | C76: 74 | D76: 0.74242424 | E76: 0.65083731
B77: =LNs!F100 -> 0.25400636 | C77: 75 | D77: 0.75252525 | E77: 0.68245784
B78: =LNs!F98 -> 0.30140005 | C78: 76 | D78: 0.76262626 | E78: 0.71477599
B79: =LNs!F75 -> 0.31086867 | C79: 77 | D79: 0.77272727 | E79: 0.74785859
B80: =LNs!F7 -> 0.320263 | C80: 78 | D80: 0.78282828 | E80: 0.78178075
B81: =LNs!F17 -> 0.37448343 | C81: 79 | D81: 0.79292929 | E81: 0.81662736
B82: =LNs!F102 -> 0.38510593 | C82: 80 | D82: 0.8030303 | E82: 0.85249503
B83: =LNs!F87 -> 0.41164597 | C83: 81 | D83: 0.81313131 | E83: 0.88949451
B84: =LNs!F78 -> 0.42137783 | C84: 82 | D84: 0.82323232 | E84: 0.92775369
B85: =LNs!F23 -> 0.43105488 | C85: 83 | D85: 0.83333333 | E85: 0.96742157
B86: =LNs!F79 -> 0.52976317 | C86: 84 | D86: 0.84343434 | E86: 1.0086734
B87: =LNs!F6 -> 0.55711552 | C87: 85 | D87: 0.85353535 | E87: 1.0517173
B88: =LNs!F99 -> 0.56963401 | C88: 86 | D88: 0.86363636 | E88: 1.0968036
B89: =LNs!F11 -> 0.57227814 | C89: 87 | D89: 0.87373737 | E89: 1.1442373
B90: =LNs!F64 -> 0.5929345 | C90: 88 | D90: 0.88383838 | E90: 1.1943957
B91: =LNs!F8 -> 0.6003244 | C91: 89 | D91: 0.89393939 | E91: 1.2477539
B92: =LNs!F77 -> 0.6484322 | C92: 90 | D92: 0.9040404 | E92: 1.3049226
B93: =LNs!F88 -> 0.67714482 | C93: 91 | D93: 0.91414141 | E93: 1.366707
B94: =LNs!F16 -> 0.70667526 | C94: 92 | D94: 0.92424242 | E94: 1.4342002
B95: =LNs!F15 -> 0.72397217 | C95: 93 | D95: 0.93434343 | E95: 1.5089439
B96: =LNs!F14 -> 0.75198668 | C96: 94 | D96: 0.94444444 | E96: 1.5932188
B97: =LNs!F86 -> 0.7619547 | C97: 95 | D97: 0.95454545 | E97: 1.6906216
B98: =LNs!F9 -> 0.91497787 | C98: 96 | D98: 0.96464646 | E98: 1.8073542
B99: =LNs!F97 -> 0.92042219 | C99: 97 | D99: 0.97474747 | E99: 1.9556614
B100: =LNs!F85 -> 0.99354062 | C100: 98 | D100: 0.98484848 | E100: 2.1661068
B101: =LNs!F10 -> 1.1302854 | C101: 99 | D101: 0.99494949 | E101: 2.5723521

Sheet Dec 6 Test
B2: Dec 6 Sorted | C2: Rank | D2: Rank Proportion | E2: Rank-Based Z Scores
B3: =LNs!G41 -> -1.1267186 | C3: 1 | D3: 0.0050505051 | E3: -2.5723521
B4: =LNs!G29 -> -0.94960453 | C4: 2 | D4: 0.015151515 | E4: -2.1661068
B5: =LNs!G40 -> -0.77708982 | C5: 3 | D5: 0.025252525 | E5: -1.9556614
B6: =LNs!G54 -> -0.7170506 | C6: 4 | D6: 0.035353535 | E6: -1.8073542
B7: =LNs!G38 -> -0.71696253 | C7: 5 | D7: 0.045454545 | E7: -1.6906216
B8: =LNs!G31 -> -0.69892786 | C8: 6 | D8: 0.055555556 | E8: -1.5932188
B9: =LNs!G35 -> -0.69873677 | C9: 7 | D9: 0.065656566 | E9: -1.5089439
B10: =LNs!G42 -> -0.66747359 | C10: 8 | D10: 0.075757576 | E10: -1.4342002
B11: =LNs!G62 -> -0.6652519 | C11: 9 | D11: 0.085858586 | E11: -1.366707
B12: =LNs!G36 -> -0.61697349 | C12: 10 | D12: 0.095959596 | E12: -1.3049226
B13: =LNs!G49 -> -0.61277161 | C13: 11 | D13: 0.10606061 | E13: -1.2477539
B14: =LNs!G66 -> -0.6039941 | C14: 12 | D14: 0.11616162 | E14: -1.1943957
B15: =LNs!G72 -> -0.59422173 | C15: 13 | D15: 0.12626263 | E15: -1.1442373
B16: =LNs!G30 -> -0.56619388 | C16: 14 | D16: 0.13636364 | E16: -1.0968036
B17: =LNs!G33 -> -0.55672821 | C17: 15 | D17: 0.14646465 | E17: -1.0517173
B18: =LNs!G70 -> -0.54307854 | C18: 16 | D18: 0.15656566 | E18: -1.0086734
B19: =LNs!G44 -> -0.52511557 | C19: 17 | D19: 0.16666667 | E19: -0.96742157
B20: =LNs!G37 -> -0.48648592 | C20: 18 | D20: 0.17676768 | E20: -0.92775369
B21: =LNs!G19 -> -0.481992 | C21: 19 | D21: 0.18686869 | E21: -0.88949451
B22: =LNs!G71 -> -0.46138012 | C22: 20 | D22: 0.1969697 | E22: -0.85249503
B23: =LNs!G4 -> -0.45466743 | C23: 21 | D23: 0.20707071 | E23: -0.81662736
B24: =LNs!G28 -> -0.4522313 | C24: 22 | D24: 0.21717172 | E24: -0.78178075
B25: =LNs!G53 -> -0.41472788 | C25: 23 | D25: 0.22727273 | E25: -0.74785859
B26: =LNs!G65 -> -0.40576765 | C26: 24 | D26: 0.23737374 | E26: -0.71477599
B27: =LNs!G69 -> -0.39864492 | C27: 25 | D27: 0.24747475 | E27: -0.68245784
B28: =LNs!G21 -> -0.39523313 | C28: 26 | D28: 0.25757576 | E28: -0.65083731
B29: =LNs!G45 -> -0.3933908 | C29: 27 | D29: 0.26767677 | E29: -0.61985457
B30: =LNs!G26 -> -0.36198617 | C30: 28 | D30: 0.27777778 | E30: -0.5894558
B31: =LNs!G63 -> -0.35088886 | C31: 29 | D31: 0.28787879 | E31: -0.55959227
B32: =LNs!G73 -> -0.34811738 | C32: 30 | D32: 0.2979798 | E32: -0.53021973
B33: =LNs!G94 -> -0.34173566 | C33: 31 | D33: 0.30808081 | E33: -0.50129771
B34: =LNs!G56 -> -0.34066381 | C34: 32 | D34: 0.31818182 | E34: -0.47278912
B35: =LNs!G46 -> -0.32241707 | C35: 33 | D35: 0.32828283 | E35: -0.44465976
B36: =LNs!G60 -> -0.31198979 | C36: 34 | D36: 0.33838384 | E36: -0.41687796
B37: =LNs!G61 -> -0.29831979 | C37: 35 | D37: 0.34848485 | E37: -0.3894143
B38: =LNs!G82 -> -0.2867545 | C38: 36 | D38: 0.35858586 | E38: -0.3622413
B39: =LNs!G34 -> -0.28188557 | C39: 37 | D39: 0.36868687 | E39: -0.33533322
B40: =LNs!G32 -> -0.25290455 | C40: 38 | D40: 0.37878788 | E40: -0.30866581
B41: =LNs!G83 -> -0.24952089 | C41: 39 | D41: 0.38888889 | E41: -0.28221615
B42: =LNs!G58 -> -0.23975832 | C42: 40 | D42: 0.3989899 | E42: -0.25596249
B43: =LNs!G68 -> -0.22545497 | C43: 41 | D43: 0.40909091 | E43: -0.22988412
B44: =LNs!G48 -> -0.21328605 | C44: 42 | D44: 0.41919192 | E44: -0.20396118
B45: =LNs!G55 -> -0.18898732 | C45: 43 | D45: 0.42929293 | E45: -0.1781746
B46: =LNs!G52 -> -0.16694636 | C46: 44 | D46: 0.43939394 | E46: -0.15250597
B47: =LNs!G43 -> -0.16589049 | C47: 45 | D47: 0.44949495 | E47: -0.12693746
B48: =LNs!G67 -> -0.14690152 | C48: 46 | D48: 0.45959596 | E48: -0.10145167
B49: =LNs!G90 -> -0.14433584 | C49: 47 | D49: 0.46969697 | E49: -0.076031623
B50: =LNs!G81 -> -0.13593428 | C50: 48 | D50: 0.47979798 | E50: -0.050660617
B51: =LNs!G74 -> -0.12627549 | C51: 49 | D51: 0.48989899 | E51: -0.025322183
B52: =LNs!G59 -> -0.1131799 | C52: 50 | D52: 0.5 | E52: 0
B53: =LNs!G22 -> -0.099322117 | C53: 51 | D53: 0.51010101 | E53: 0.025322183
B54: =LNs!G27 -> -0.098859471 | C54: 52 | D54: 0.52020202 | E54: 0.050660617
B55: =LNs!G39 -> -0.070662837 | C55: 53 | D55: 0.53030303 | E55: 0.076031623
B56: =LNs!G18 -> -0.064250563 | C56: 54 | D56: 0.54040404 | E56: 0.10145167
B57: =LNs!G20 -> -0.061288342 | C57: 55 | D57: 0.55050505 | E57: 0.12693746
B58: =LNs!G91 -> -0.060356345 | C58: 56 | D58: 0.56060606 | E58: 0.15250597
B59: =LNs!G57 -> -0.030414879 | C59: 57 | D59: 0.57070707 | E59: 0.1781746
B60: =LNs!G24 -> -0.027052645 | C60: 58 | D60: 0.58080808 | E60: 0.20396118
B61: =LNs!G50 -> -0.02646924 | C61: 59 | D61: 0.59090909 | E61: 0.22988412
B62: =LNs!G5 -> -0.0025121528 | C62: 60 | D62: 0.6010101 | E62: 0.25596249
B63: =LNs!G84 -> -0.0018096364 | C63: 61 | D63: 0.61111111 | E63: 0.28221615
B64: =LNs!G25 -> 0.0025068552 | C64: 62 | D64: 0.62121212 | E64: 0.30866581
B65: =LNs!G76 -> 0.0063497973 | C65: 63 | D65: 0.63131313 | E65: 0.33533322
B66: =LNs!G92 -> 0.011543121 | C66: 64 | D66: 0.64141414 | E66: 0.3622413
B67: =LNs!G89 -> 0.018281864 | C67: 65 | D67: 0.65151515 | E67: 0.3894143
B68: =LNs!G96 -> 0.024438922 | C68: 66 | D68: 0.66161616 | E68: 0.41687796
B69: =LNs!G80 -> 0.025433801 | C69: 67 | D69: 0.67171717 | E69: 0.44465976
B70: =LNs!G47 -> 0.046616375 | C70: 68 | D70: 0.68181818 | E70: 0.47278912
B71: =LNs!G51 -> 0.10018012 | C71: 69 | D71: 0.69191919 | E71: 0.50129771
B72: =LNs!G93 -> 0.10690632 | C72: 70 | D72: 0.7020202 | E72: 0.53021973
B73: =LNs!G13 -> 0.13313131 | C73: 71 | D73: 0.71212121 | E73: 0.55959227
B74: =LNs!G95 -> 0.1347494 | C74: 72 | D74: 0.72222222 | E74: 0.5894558
B75: =LNs!G101 -> 0.14543279 | C75: 73 | D75: 0.73232323 | E75: 0.61985457
B76: =LNs!G100 -> 0.15802886 | C76: 74 | D76: 0.74242424 | E76: 0.65083731
B77: =LNs!G98 -> 0.22031556 | C77: 75 | D77: 0.75252525 | E77: 0.68245784
B78: =LNs!G7 -> 0.24749269 | C78: 76 | D78: 0.76262626 | E78: 0.71477599
B79: =LNs!G12 -> 0.2481171 | C79: 77 | D79: 0.77272727 | E79: 0.74785859
B80: =LNs!G17 -> 0.26964538 | C80: 78 | D80: 0.78282828 | E80: 0.78178075
B81: =LNs!G75 -> 0.30419252 | C81: 79 | D81: 0.79292929 | E81: 0.81662736
B82: =LNs!G87 -> 0.31843919 | C82: 80 | D82: 0.8030303 | E82: 0.85249503
B83: =LNs!G64 -> 0.33536448 | C83: 81 | D83: 0.81313131 | E83: 0.88949451
B84: =LNs!G78 -> 0.36287071 | C84: 82 | D84: 0.82323232 | E84: 0.92775369
B85: =LNs!G102 -> 0.37558305 | C85: 83 | D85: 0.83333333 | E85: 0.96742157
B86: =LNs!G23 -> 0.42342945 | C86: 84 | D86: 0.84343434 | E86: 1.0086734
B87: =LNs!G79 -> 0.43726735 | C87: 85 | D87: 0.85353535 | E87: 1.0517173
B88: =LNs!G6 -> 0.53223872 | C88: 86 | D88: 0.86363636 | E88: 1.0968036
B89: =LNs!G11 -> 0.53237379 | C89: 87 | D89: 0.87373737 | E89: 1.1442373
B90: =LNs!G16 -> 0.55957007 | C90: 88 | D90: 0.88383838 | E90: 1.1943957
B91: =LNs!G77 -> 0.58967377 | C91: 89 | D91: 0.89393939 | E91: 1.2477539
B92: =LNs!G99 -> 0.60993404 | C92: 90 | D92: 0.9040404 | E92: 1.3049226
B93: =LNs!G88 -> 0.63470736 | C93: 91 | D93: 0.91414141 | E93: 1.366707
B94: =LNs!G86 -> 0.64096928 | C94: 92 | D94: 0.92424242 | E94: 1.4342002
B95: =LNs!G8 -> 0.66544705 | C95: 93 | D95: 0.93434343 | E95: 1.5089439
B96: =LNs!G14 -> 0.68292511 | C96: 94 | D96: 0.94444444 | E96: 1.5932188
B97: =LNs!G15 -> 0.70546105 | C97: 95 | D97: 0.95454545 | E97: 1.6906216
B98: =LNs!G97 -> 0.86511954 | C98: 96 | D98: 0.96464646 | E98: 1.8073542
B99: =LNs!G85 -> 0.92486189 | C99: 97 | D99: 0.97474747 | E99: 1.9556614
B100: =LNs!G9 -> 1.0085344 | C100: 98 | D100: 0.98484848 | E100: 2.1661068
B101: =LNs!G10 -> 1.0990522 | C101: 99 | D101: 0.99494949 | E101: 2.5723521

Sheet Dec 7 Test
B2: Dec 7 Sorted | C2: Rank | D2: Rank Proportion | E2: Rank-Based Z Scores
B3: =LNs!H41 -> -1.1371525 | C3: 1 | D3: 0.0050505051 | E3: -2.5723521
B4: =LNs!H29 -> -0.90849619 | C4: 2 | D4: 0.015151515 | E4: -2.1661068
B5: =LNs!H31 -> -0.79108862 | C5: 3 | D5: 0.025252525 | E5: -1.9556614
B6: =LNs!H42 -> -0.78664061 | C6: 4 | D6: 0.035353535 | E6: -1.8073542
B7: =LNs!H38 -> -0.77872903 | C7: 5 | D7: 0.045454545 | E7: -1.6906216
B8: =LNs!H54 -> -0.74640873 | C8: 6 | D8: 0.055555556 | E8: -1.5932188
B9: =LNs!H35 -> -0.67401929 | C9: 7 | D9: 0.065656566 | E9: -1.5089439
B10: =LNs!H40 -> -0.64814322 | C10: 8 | D10: 0.075757576 | E10: -1.4342002
B11: =LNs!H70 -> -0.64320149 | C11: 9 | D11: 0.085858586 | E11: -1.366707
B12: =LNs!H49 -> -0.64062115 | C12: 10 | D12: 0.095959596 | E12: -1.3049226
B13: =LNs!H62 -> -0.61444691 | C13: 11 | D13: 0.10606061 | E13: -1.2477539
B14: =LNs!H36 -> -0.59272464 | C14: 12 | D14: 0.11616162 | E14: -1.1943957
B15: =LNs!H30 -> -0.58412956 | C15: 13 | D15: 0.12626263 | E15: -1.1442373
B16: =LNs!H72 -> -0.56891565 | C16: 14 | D16: 0.13636364 | E16: -1.0968036
B17: =LNs!H37 -> -0.56360072 | C17: 15 | D17: 0.14646465 | E17: -1.0517173
B18: =LNs!H44 -> -0.54462546 | C18: 16 | D18: 0.15656566 | E18: -1.0086734
B19: =LNs!H4 -> -0.52724468 | C19: 17 | D19: 0.16666667 | E19: -0.96742157
B20: =LNs!H66 -> -0.52247657 | C20: 18 | D20: 0.17676768 | E20: -0.92775369
B21: =LNs!H33 -> -0.50586628 | C21: 19 | D21: 0.18686869 | E21: -0.88949451
B22: =LNs!H69 -> -0.49228196 | C22: 20 | D22: 0.1969697 | E22: -0.85249503
B23: =LNs!H53 -> -0.48935119 | C23: 21 | D23: 0.20707071 | E23: -0.81662736
B24: =LNs!H94 -> -0.48930226 | C24: 22 | D24: 0.21717172 | E24: -0.78178075
B25: =LNs!H28 -> -0.44926497 | C25: 23 | D25: 0.22727273 | E25: -0.74785859
B26: =LNs!H71 -> -0.43121993 | C26: 24 | D26: 0.23737374 | E26: -0.71477599
B27: =LNs!H45 -> -0.40585919 | C27: 25 | D27: 0.24747475 | E27: -0.68245784
B28: =LNs!H19 -> -0.40272337 | C28: 26 | D28: 0.25757576 | E28: -0.65083731
B29: =LNs!H26 -> -0.39697922 | C29: 27 | D29: 0.26767677 | E29: -0.61985457
B30: =LNs!H73 -> -0.3925864 | C30: 28 | D30: 0.27777778 | E30: -0.5894558
B31: =LNs!H21 -> -0.37260109 | C31: 29 | D31: 0.28787879 | E31: -0.55959227
B32: =LNs!H56 -> -0.37093326 | C32: 30 | D32: 0.2979798 | E32: -0.53021973
B33: =LNs!H63 -> -0.33659084 | C33: 31 | D33: 0.30808081 | E33: -0.50129771
B34: =LNs!H82 -> -0.33422456 | C34: 32 | D34: 0.31818182 | E34: -0.47278912
B35: =LNs!H61 -> -0.32670707 | C35: 33 | D35: 0.32828283 | E35: -0.44465976
B36: =LNs!H48 -> -0.32568028 | C36: 34 | D36: 0.33838384 | E36: -0.41687796
B37: =LNs!H60 -> -0.31896636 | C37: 35 | D37: 0.34848485 | E37: -0.3894143
B38: =LNs!H65 -> -0.3060538 | C38: 36 | D38: 0.35858586 | E38: -0.3622413
B39: =LNs!H32 -> -0.30260622 | C39: 37 | D39: 0.36868687 | E39: -0.33533322
B40: =LNs!H46 -> -0.27747435 | C40: 38 | D40: 0.37878788 | E40: -0.30866581
B41: =LNs!H83 -> -0.27492249 | C41: 39 | D41: 0.38888889 | E41: -0.28221615
B42: =LNs!H55 -> -0.25946527 | C42: 40 | D42: 0.3989899 | E42: -0.25596249
B43: =LNs!H34 -> -0.25298697 | C43: 41 | D43: 0.40909091 | E43: -0.22988412
B44: =LNs!H68 -> -0.24470177 | C44: 42 | D44: 0.41919192 | E44: -0.20396118
B45: =LNs!H58 -> -0.23662527 | C45: 43 | D45: 0.42929293 | E45: -0.1781746
B46: =LNs!H43 -> -0.20144689 | C46: 44 | D46: 0.43939394 | E46: -0.15250597
B47: =LNs!H81 -> -0.19322923 | C47: 45 | D47: 0.44949495 | E47: -0.12693746
B48: =LNs!H90 -> -0.1931152 | C48: 46 | D48: 0.45959596 | E48: -0.10145167
B49: =LNs!H74 -> -0.17939464 | C49: 47 | D49: 0.46969697 | E49: -0.076031623
B50: =LNs!H27 -> -0.15863472 | C50: 48 | D50: 0.47979798 | E50: -0.050660617
B51: =LNs!H67 -> -0.14703936 | C51: 49 | D51: 0.48989899 | E51: -0.025322183
B52: =LNs!H22 -> -0.11523017 | C52: 50 | D52: 0.5 | E52: 0
B53: =LNs!H91 -> -0.11393271 | C53: 51 | D53: 0.51010101 | E53: 0.025322183
B54: =LNs!H5 -> -0.10461746 | C54: 52 | D54: 0.52020202 | E54: 0.050660617
B55: =LNs!H76 -> -0.087665773 | C55: 53 | D55: 0.53030303 | E55: 0.076031623
B56: =LNs!H52 -> -0.076645651 | C56: 54 | D56: 0.54040404 | E56: 0.10145167
B57: =LNs!H24 -> -0.055899677 | C57: 55 | D57: 0.55050505 | E57: 0.12693746
B58: =LNs!H92 -> -0.037668638 | C58: 56 | D58: 0.56060606 | E58: 0.15250597
B59: =LNs!H96 -> -0.031218258 | C59: 57 | D59: 0.57070707 | E59: 0.1781746
B60: =LNs!H84 -> -0.025556811 | C60: 58 | D60: 0.58080808 | E60: 0.20396118
B61: =LNs!H20 -> -0.022407176 | C61: 59 | D61: 0.59090909 | E61: 0.22988412
B62: =LNs!H59 -> -0.020637496 | C62: 60 | D62: 0.6010101 | E62: 0.25596249
B63: =LNs!H25 -> -0.020089448 | C63: 61 | D63: 0.61111111 | E63: 0.28221615
B64: =LNs!H57 -> -0.007899116 | C64: 62 | D64: 0.62121212 | E64: 0.30866581
B65: =LNs!H89 -> -0.0010705729 | C65: 63 | D65: 0.63131313 | E65: 0.33533322
B66: =LNs!H50 -> 0.0088507166 | C66: 64 | D66: 0.64141414 | E66: 0.3622413
B67: =LNs!H101 -> 0.013498484 | C67: 65 | D67: 0.65151515 | E67: 0.3894143
B68: =LNs!H39 -> 0.016837451 | C68: 66 | D68: 0.66161616 | E68: 0.41687796
B69: =LNs!H18 -> 0.029267498 | C69: 67 | D69: 0.67171717 | E69: 0.44465976
B70: =LNs!H93 -> 0.03800844 | C70: 68 | D70: 0.68181818 | E70: 0.47278912
B71: =LNs!H80 -> 0.042149114 | C71: 69 | D71: 0.69191919 | E71: 0.50129771
B72: =LNs!H13 -> 0.053408057 | C72: 70 | D72: 0.7020202 | E72: 0.53021973
B73: =LNs!H47 -> 0.070691428 | C73: 71 | D73: 0.71212121 | E73: 0.55959227
B74: =LNs!H95 -> 0.10116573 | C74: 72 | D74: 0.72222222 | E74: 0.5894558
B75: =LNs!H12 -> 0.13695802 | C75: 73 | D75: 0.73232323 | E75: 0.61985457
B76: =LNs!H100 -> 0.13783835 | C76: 74 | D76: 0.74242424 | E76: 0.65083731
B77: =LNs!H98 -> 0.1710078 | C77: 75 | D77: 0.75252525 | E77: 0.68245784
B78: =LNs!H75 -> 0.19472762 | C78: 76 | D78: 0.76262626 | E78: 0.71477599
B79: =LNs!H51 -> 0.22151022 | C79: 77 | D79: 0.77272727 | E79: 0.74785859
B80: =LNs!H87 -> 0.26886616 | C80: 78 | D80: 0.78282828 | E80: 0.78178075
B81: =LNs!H78 -> 0.28234787 | C81: 79 | D81: 0.79292929 | E81: 0.81662736
B82: =LNs!H7 -> 0.28249112 | C82: 80 | D82: 0.8030303 | E82: 0.85249503
B83: =LNs!H102 -> 0.30849155 | C83: 81 | D83: 0.81313131 | E83: 0.88949451
B84: =LNs!H64 -> 0.36893943 | C84: 82 | D84: 0.82323232 | E84: 0.92775369
B85: =LNs!H17 -> 0.37385748 | C85: 83 | D85: 0.83333333 | E85: 0.96742157
B86: =LNs!H23 -> 0.4136449 | C86: 84 | D86: 0.84343434 | E86: 1.0086734
B87: =LNs!H79 -> 0.44479479 | C87: 85 | D87: 0.85353535 | E87: 1.0517173
B88: =LNs!H11 -> 0.53012224 | C88: 86 | D88: 0.86363636 | E88: 1.0968036
B89: =LNs!H99 -> 0.55367245 | C89: 87 | D89: 0.87373737 | E89: 1.1442373
B90: =LNs!H88 -> 0.58052704 | C90: 88 | D90: 0.88383838 | E90: 1.1943957
B91: =LNs!H6 -> 0.60310212 | C91: 89 | D91: 0.89393939 | E91: 1.2477539
B92: =LNs!H8 -> 0.61091708 | C92: 90 | D92: 0.9040404 | E92: 1.3049226
B93: =LNs!H16 -> 0.61730771 | C93: 91 | D93: 0.91414141 | E93: 1.366707
B94: =LNs!H77 -> 0.64579348 | C94: 92 | D94: 0.92424242 | E94: 1.4342002
B95: =LNs!H86 -> 0.64645382 | C95: 93 | D95: 0.93434343 | E95: 1.5089439
B96: =LNs!H14 -> 0.6884562 | C96: 94 | D96: 0.94444444 | E96: 1.5932188
B97: =LNs!H15 -> 0.69436144 | C97: 95 | D97: 0.95454545 | E97: 1.6906216
B98: =LNs!H97 -> 0.76120762 | C98: 96 | D98: 0.96464646 | E98: 1.8073542
B99: =LNs!H9 -> 0.92868165 | C99: 97 | D99: 0.97474747 | E99: 1.9556614
B100: =LNs!H85 -> 0.94118625 | C100: 98 | D100: 0.98484848 | E100: 2.1661068
B101: =LNs!H10 -> 1.1040707 | C101: 99 | D101: 0.99494949 | E101: 2.5723521

Sheet Dec 8 Test
B2: Dec 8 Sorted | C2: Rank | D2: Rank Proportion | E2: Rank-Based Z Scores
B3: =LNs!I41 -> -1.1664041 | C3: 1 | D3: 0.0050505051 | E3: -2.5723521
B4: =LNs!I29 -> -0.86269546 | C4: 2 | D4: 0.015151515 | E4: -2.1661068
B5: =LNs!I40 -> -0.80533316 | C5: 3 | D5: 0.025252525 | E5: -1.9556614
B6: =LNs!I49 -> -0.78305657 | C6: 4 | D6: 0.035353535 | E6: -1.8073542
B7: =LNs!I31 -> -0.74470156 | C7: 5 | D7: 0.045454545 | E7: -1.6906216
B8: =LNs!I38 -> -0.73471112 | C8: 6 | D8: 0.055555556 | E8: -1.5932188
B9: =LNs!I35 -> -0.73273036 | C9: 7 | D9: 0.065656566 | E9: -1.5089439
B10: =LNs!I42 -> -0.72061088 | C10: 8 | D10: 0.075757576 | E10: -1.4342002
B11: =LNs!I54 -> -0.69054657 | C11: 9 | D11: 0.085858586 | E11: -1.366707
B12: =LNs!I44 -> -0.64899251 | C12: 10 | D12: 0.095959596 | E12: -1.3049226
B13: =LNs!I36 -> -0.60758986 | C13: 11 | D13: 0.10606061 | E13: -1.2477539
B14: =LNs!I94 -> -0.60625781 | C14: 12 | D14: 0.11616162 | E14: -1.1943957
B15: =LNs!I62 -> -0.60064457 | C15: 13 | D15: 0.12626263 | E15: -1.1442373
B16: =LNs!I72 -> -0.5771257 | C16: 14 | D16: 0.13636364 | E16: -1.0968036
B17: =LNs!I33 -> -0.56265766 | C17: 15 | D17: 0.14646465 | E17: -1.0517173
B18: =LNs!I4 -> -0.56057625 | C18: 16 | D18: 0.15656566 | E18: -1.0086734
B19: =LNs!I30 -> -0.55393669 | C19: 17 | D19: 0.16666667 | E19: -0.96742157
B20: =LNs!I45 -> -0.52982497 | C20: 18 | D20: 0.17676768 | E20: -0.92775369
B21: =LNs!I21 -> -0.52312428 | C21: 19 | D21: 0.18686869 | E21: -0.88949451
B22: =LNs!I70 -> -0.51550656 | C22: 20 | D22: 0.1969697 | E22: -0.85249503
B23: =LNs!I37 -> -0.51314331 | C23: 21 | D23: 0.20707071 | E23: -0.81662736
B24: =LNs!I28 -> -0.49586312 | C24: 22 | D24: 0.21717172 | E24: -0.78178075
B25: =LNs!I69 -> -0.4946308 | C25: 23 | D25: 0.22727273 | E25: -0.74785859
B26: =LNs!I26 -> -0.47835682 | C26: 24 | D26: 0.23737374 | E26: -0.71477599
B27: =LNs!I71 -> -0.45555807 | C27: 25 | D27: 0.24747475 | E27: -0.68245784
B28: =LNs!I53 -> -0.45128865 | C28: 26 | D28: 0.25757576 | E28: -0.65083731
B29: =LNs!I19 -> -0.44154368 | C29: 27 | D29: 0.26767677 | E29: -0.61985457
B30: =LNs!I46 -> -0.41199136 | C30: 28 | D30: 0.27777778 | E30: -0.5894558
B31: =LNs!I66 -> -0.40143623 | C31: 29 | D31: 0.28787879 | E31: -0.55959227
B32: =LNs!I48 -> -0.39336412 | C32: 30 | D32: 0.2979798 | E32: -0.53021973
B33: =LNs!I56 -> -0.32611526 | C33: 31 | D33: 0.30808081 | E33: -0.50129771
B34: =LNs!I73 -> -0.3145724 | C34: 32 | D34: 0.31818182 | E34: -0.47278912
B35: =LNs!I82 -> -0.31434506 | C35: 33 | D35: 0.32828283 | E35: -0.44465976
B36: =LNs!I58 -> -0.2829546 | C36: 34 | D36: 0.33838384 | E36: -0.41687796
B37: =LNs!I32 -> -0.28222234 | C37: 35 | D37: 0.34848485 | E37: -0.3894143
B38: =LNs!I55 -> -0.27660762 | C38: 36 | D38: 0.35858586 | E38: -0.3622413
B39: =LNs!I61 -> -0.27153842 | C39: 37 | D39: 0.36868687 | E39: -0.33533322
B40: =LNs!I60 -> -0.27106359 | C40: 38 | D40: 0.37878788 | E40: -0.30866581
B41: =LNs!I34 -> -0.27006222 | C41: 39 | D41: 0.38888889 | E41: -0.28221615
B42: =LNs!I83 -> -0.25563575 | C42: 40 | D42: 0.3989899 | E42: -0.25596249
B43: =LNs!I43 -> -0.23882842 | C43: 41 | D43: 0.40909091 | E43: -0.22988412
B44: =LNs!I63 -> -0.23299946 | C44: 42 | D44: 0.41919192 | E44: -0.20396118
B45: =LNs!I91 -> -0.21936819 | C45: 43 | D45: 0.42929293 | E45: -0.1781746
B46: =LNs!I90 -> -0.20802467 | C46: 44 | D46: 0.43939394 | E46: -0.15250597
B47: =LNs!I68 -> -0.20111913 | C47: 45 | D47: 0.44949495 | E47: -0.12693746
B48: =LNs!I27 -> -0.19943069 | C48: 46 | D48: 0.45959596 | E48: -0.10145167
B49: =LNs!I65 -> -0.19522809 | C49: 47 | D49: 0.46969697 | E49: -0.076031623
B50: =LNs!I22 -> -0.18531323 | C50: 48 | D50: 0.47979798 | E50: -0.050660617
B51: =LNs!I20 -> -0.18422938 | C51: 49 | D51: 0.48989899 | E51: -0.025322183
B52: =LNs!I81 -> -0.18280567 | C52: 50 | D52: 0.5 | E52: 0
B53: =LNs!I24 -> -0.1807452 | C53: 51 | D53: 0.51010101 | E53: 0.025322183
B54: =LNs!I25 -> -0.16173218 | C54: 52 | D54: 0.52020202 | E54: 0.050660617
B55: =LNs!I96 -> -0.15915753 | C55: 53 | D55: 0.53030303 | E55: 0.076031623
B56: =LNs!I74 -> -0.14376068 | C56: 54 | D56: 0.54040404 | E56: 0.10145167
B57: =LNs!I18 -> -0.11839285 | C57: 55 | D57: 0.55050505 | E57: 0.12693746
B58: =LNs!I101 -> -0.11734988 | C58: 56 | D58: 0.56060606 | E58: 0.15250597
B59: =LNs!I52 -> -0.091178228 | C59: 57 | D59: 0.57070707 | E59: 0.1781746
B60: =LNs!I67 -> -0.075842707 | C60: 58 | D60: 0.58080808 | E60: 0.20396118
B61: =LNs!I13 -> -0.072367488 | C61: 59 | D61: 0.59090909 | E61: 0.22988412
B62: =LNs!I5 -> -0.070034128 | C62: 60 | D62: 0.6010101 | E62: 0.25596249
B63: =LNs!I89 -> -0.045600058 | C63: 61 | D63: 0.61111111 | E63: 0.28221615
B64: =LNs!I57 -> -0.031338976 | C64: 62 | D64: 0.62121212 | E64: 0.30866581
B65: =LNs!I47 -> -0.02048438 | C65: 63 | D65: 0.63131313 | E65: 0.33533322
B66: =LNs!I92 -> -0.00085736743 | C66: 64 | D66: 0.64141414 | E66: 0.3622413
B67: =LNs!I59 -> 0.00062980163 | C67: 65 | D67: 0.65151515 | E67: 0.3894143
B68: =LNs!I76 -> 0.0051467328 | C68: 66 | D68: 0.66161616 | E68: 0.41687796
B69: =LNs!I84 -> 0.0068663724 | C69: 67 | D69: 0.67171717 | E69: 0.44465976
B70: =LNs!I98 -> 0.0068663724 | C70: 68 | D70: 0.68181818 | E70: 0.47278912
B71: =LNs!I93 -> 0.013695783 | C71: 69 | D71: 0.69191919 | E71: 0.50129771
B72: =LNs!I50 -> 0.031033443 | C72: 70 | D72: 0.7020202 | E72: 0.53021973
B73: =LNs!I39 -> 0.044523934 | C73: 71 | D73: 0.71212121 | E73: 0.55959227
B74: =LNs!I12 -> 0.053085687 | C74: 72 | D74: 0.72222222 | E74: 0.5894558
B75: =LNs!I95 -> 0.065075877 | C75: 73 | D75: 0.73232323 | E75: 0.61985457
B76: =LNs!I100 -> 0.065178941 | C76: 74 | D76: 0.74242424 | E76: 0.65083731
B77: =LNs!I80 -> 0.1007499 | C77: 75 | D77: 0.75252525 | E77: 0.68245784
B78: =LNs!I75 -> 0.18533368 | C78: 76 | D78: 0.76262626 | E78: 0.71477599
B79: =LNs!I51 -> 0.18702713 | C79: 77 | D79: 0.77272727 | E79: 0.74785859
B80: =LNs!I17 -> 0.22617096 | C80: 78 | D80: 0.78282828 | E80: 0.78178075
B81: =LNs!I7 -> 0.23134185 | C81: 79 | D81: 0.79292929 | E81: 0.81662736
B82: =LNs!I102 -> 0.24132919 | C82: 80 | D82: 0.8030303 | E82: 0.85249503
B83: =LNs!I87 -> 0.27205561 | C83: 81 | D83: 0.81313131 | E83: 0.88949451
B84: =LNs!I23 -> 0.32732337 | C84: 82 | D84: 0.82323232 | E84: 0.92775369
B85: =LNs!I78 -> 0.35654093 | C85: 83 | D85: 0.83333333 | E85: 0.96742157
B86: =LNs!I64 -> 0.36610038 | C86: 84 | D86: 0.84343434 | E86: 1.0086734
B87: =LNs!I16 -> 0.409052 | C87: 85 | D87: 0.85353535 | E87: 1.0517173
B88: =LNs!I11 -> 0.46294754 | C88: 86 | D88: 0.86363636 | E88: 1.0968036
B89: =LNs!I79 -> 0.48896644 | C89: 87 | D89: 0.87373737 | E89: 1.1442373
B90: =LNs!I99 -> 0.50505098 | C90: 88 | D90: 0.88383838 | E90: 1.1943957
B91: =LNs!I88 -> 0.52466936 | C91: 89 | D91: 0.89393939 | E91: 1.2477539
B92: =LNs!I15 -> 0.5473234 | C92: 90 | D92: 0.9040404 | E92: 1.3049226
B93: =LNs!I14 -> 0.58018563 | C93: 91 | D93: 0.91414141 | E93: 1.366707
B94: =LNs!I6 -> 0.63292467 | C94: 92 | D94: 0.92424242 | E94: 1.4342002
B95: =LNs!I77 -> 0.64477593 | C95: 93 | D95: 0.93434343 | E95: 1.5089439
B96: =LNs!I86 -> 0.64667907 | C96: 94 | D96: 0.94444444 | E96: 1.5932188
B97: =LNs!I8 -> 0.66812676 | C97: 95 | D97: 0.95454545 | E97: 1.6906216
B98: =LNs!I97 -> 0.69966092 | C98: 96 | D98: 0.96464646 | E98: 1.8073542
B99: =LNs!I85 -> 0.97395946 | C99: 97 | D99: 0.97474747 | E99: 1.9556614
B100: =LNs!I9 -> 1.038041 | C100: 98 | D100: 0.98484848 | E100: 2.1661068
B101: =LNs!I10 -> 1.0816221 | C101: 99 | D101: 0.99494949 | E101: 2.5723521

Sheet Dec 9 Test
B2: Dec 9 Sorted | C2: Rank | D2: Rank Proportion | E2: Rank-Based Z Scores
B3: =LNs!J41 -> -1.1557669 | C3: 1 | D3: 0.0050505051 | E3: -2.5723521
B4: =LNs!J29 -> -0.99062104 | C4: 2 | D4: 0.015151515 | E4: -2.1661068
B5: =LNs!J42 -> -0.84719387 | C5: 3 | D5: 0.025252525 | E5: -1.9556614
B6: =LNs!J38 -> -0.8053712 | C6: 4 | D6: 0.035353535 | E6: -1.8073542
B7: =LNs!J31 -> -0.78758094 | C7: 5 | D7: 0.045454545 | E7: -1.6906216
B8: =LNs!J44 -> -0.72929677 | C8: 6 | D8: 0.055555556 | E8: -1.5932188
B9: =LNs!J49 -> -0.72887799 | C9: 7 | D9: 0.065656566 | E9: -1.5089439
B10: =LNs!J94 -> -0.7222609 | C10: 8 | D10: 0.075757576 | E10: -1.4342002
B11: =LNs!J35 -> -0.71713664 | C11: 9 | D11: 0.085858586 | E11: -1.366707
B12: =LNs!J30 -> -0.70354909 | C12: 10 | D12: 0.095959596 | E12: -1.3049226
B13: =LNs!J36 -> -0.69070616 | C13: 11 | D13: 0.10606061 | E13: -1.2477539
B14: =LNs!J40 -> -0.68526632 | C14: 12 | D14: 0.11616162 | E14: -1.1943957
B15: =LNs!J54 -> -0.65109778 | C15: 13 | D15: 0.12626263 | E15: -1.1442373
B16: =LNs!J72 -> -0.64582857 | C16: 14 | D16: 0.13636364 | E16: -1.0968036
B17: =LNs!J70 -> -0.62324805 | C17: 15 | D17: 0.14646465 | E17: -1.0517173
B18: =LNs!J21 -> -0.60897516 | C18: 16 | D18: 0.15656566 | E18: -1.0086734
B19: =LNs!J28 -> -0.60641184 | C19: 17 | D19: 0.16666667 | E19: -0.96742157
B20: =LNs!J45 -> -0.60493669 | C20: 18 | D20: 0.17676768 | E20: -0.92775369
B21: =LNs!J4 -> -0.56299474 | C21: 19 | D21: 0.18686869 | E21: -0.88949451
B22: =LNs!J37 -> -0.5599546 | C22: 20 | D22: 0.1969697 | E22: -0.85249503
B23: =LNs!J33 -> -0.53516613 | C23: 21 | D23: 0.20707071 | E23: -0.81662736
B24: =LNs!J62 -> -0.52680088 | C24: 22 | D24: 0.21717172 | E24: -0.78178075
B25: =LNs!J71 -> -0.51508635 | C25: 23 | D25: 0.22727273 | E25: -0.74785859
B26: =LNs!J26 -> -0.49347043 | C26: 24 | D26: 0.23737374 | E26: -0.71477599
B27: =LNs!J48 -> -0.46894499 | C27: 25 | D27: 0.24747475 | E27: -0.68245784
B28: =LNs!J69 -> -0.46318692 | C28: 26 | D28: 0.25757576 | E28: -0.65083731
B29: =LNs!J53 -> -0.4497807 | C29: 27 | D29: 0.26767677 | E29: -0.61985457
B30: =LNs!J46 -> -0.44386971 | C30: 28 | D30: 0.27777778 | E30: -0.5894558
B31: =LNs!J56 -> -0.42139024 | C31: 29 | D31: 0.28787879 | E31: -0.55959227
B32: =LNs!J19 -> -0.40027013 | C32: 30 | D32: 0.2979798 | E32: -0.53021973
B33: =LNs!J73 -> -0.36833552 | C33: 31 | D33: 0.30808081 | E33: -0.50129771
B34: =LNs!J83 -> -0.33962681 | C34: 32 | D34: 0.31818182 | E34: -0.47278912
B35: =LNs!J66 -> -0.3357441 | C35: 33 | D35: 0.32828283 | E35: -0.44465976
B36: =LNs!J55 -> -0.3242202 | C36: 34 | D36: 0.33838384 | E36: -0.41687796
B37: =LNs!J81 -> -0.31575513 | C37: 35 | D37: 0.34848485 | E37: -0.3894143
B38: =LNs!J90 -> -0.31240519 | C38: 36 | D38: 0.35858586 | E38: -0.3622413
B39: =LNs!J32 -> -0.31142847 | C39: 37 | D39: 0.36868687 | E39: -0.33533322
B40: =LNs!J82 -> -0.30907597 | C40: 38 | D40: 0.37878788 | E40: -0.30866581
B41: =LNs!J60 -> -0.29696233 | C41: 39 | D41: 0.38888889 | E41: -0.28221615
B42: =LNs!J61 -> -0.28591963 | C42: 40 | D42: 0.3989899 | E42: -0.25596249
B43: =LNs!J43 -> -0.27959751 | C43: 41 | D43: 0.40909091 | E43: -0.22988412
B44: =LNs!J91 -> -0.27776078 | C44: 42 | D44: 0.41919192 | E44: -0.20396118
B45: =LNs!J34 -> -0.25121258 | C45: 43 | D45: 0.42929293 | E45: -0.1781746
B46: =LNs!J22 -> -0.2483024 | C46: 44 | D46: 0.43939394 | E46: -0.15250597
B47: =LNs!J101 -> -0.23246183 | C47: 45 | D47: 0.44949495 | E47: -0.12693746
B48: =LNs!J5 -> -0.22899061 | C48: 46 | D48: 0.45959596 | E48: -0.10145167
B49: =LNs!J27 -> -0.22307105 | C49: 47 | D49: 0.46969697 | E49: -0.076031623
B50: =LNs!J96 -> -0.20176496 | C50: 48 | D50: 0.47979798 | E50: -0.050660617
B51: =LNs!J58 -> -0.18983209 | C51: 49 | D51: 0.48989899 | E51: -0.025322183
B52: =LNs!J89 -> -0.16771239 | C52: 50 | D52: 0.5 | E52: 0
B53: =LNs!J18 -> -0.16293431 | C53: 51 | D53: 0.51010101 | E53: 0.025322183
B54: =LNs!J20 -> -0.15898635 | C54: 52 | D54: 0.52020202 | E54: 0.050660617
B55: =LNs!J68 -> -0.14870305 | C55: 53 | D55: 0.53030303 | E55: 0.076031623
B56: =LNs!J63 -> -0.14249372 | C56: 54 | D56: 0.54040404 | E56: 0.10145167
B57: =LNs!J24 -> -0.11704856 | C57: 55 | D57: 0.55050505 | E57: 0.12693746
B58: =LNs!J52 -> -0.11425888 | C58: 56 | D58: 0.56060606 | E58: 0.15250597
B59: =LNs!J65 -> -0.11254627 | C59: 57 | D59: 0.57070707 | E59: 0.1781746
B60: =LNs!J25 -> -0.1054483 | C60: 58 | D60: 0.58080808 | E60: 0.20396118
B61: =LNs!J93 -> -0.096602314 | C61: 59 | D61: 0.59090909 | E61: 0.22988412
B62: =LNs!J98 -> -0.09530458 | C62: 60 | D62: 0.6010101 | E62: 0.25596249
B63: =LNs!J67 -> -0.066676271 | C63: 61 | D63: 0.61111111 | E63: 0.28221615
B64: =LNs!J92 -> -0.061001318 | C64: 62 | D64: 0.62121212 | E64: 0.30866581
B65: =LNs!J74 -> -0.04788962 | C65: 63 | D65: 0.63131313 | E65: 0.33533322
B66: =LNs!J100 -> -0.046956397 | C66: 64 | D66: 0.64141414 | E66: 0.3622413
B67: =LNs!J50 -> -0.043437913 | C67: 65 | D67: 0.65151515 | E67: 0.3894143
B68: =LNs!J47 -> -0.038207706 | C68: 66 | D68: 0.66161616 | E68: 0.41687796
B69: =LNs!J57 -> -0.034832675 | C69: 67 | D69: 0.67171717 | E69: 0.44465976
B70: =LNs!J13 -> -0.025209096 | C70: 68 | D70: 0.68181818 | E70: 0.47278912
B71: =LNs!J95 -> 0.017053755 | C71: 69 | D71: 0.69191919 | E71: 0.50129771
B72: =LNs!J80 -> 0.02856802 | C72: 70 | D72: 0.7020202 | E72: 0.53021973
B73: =LNs!J59 -> 0.032912396 | C73: 71 | D73: 0.71212121 | E73: 0.55959227
B74: =LNs!J76 -> 0.036081175 | C74: 72 | D74: 0.72222222 | E74: 0.5894558
B75: =LNs!J84 -> 0.046224972 | C75: 73 | D75: 0.73232323 | E75: 0.61985457
B76: =LNs!J39 -> 0.080805494 | C76: 74 | D76: 0.74242424 | E76: 0.65083731
B77: =LNs!J12 -> 0.10037913 | C77: 75 | D77: 0.75252525 | E77: 0.68245784
B78: =LNs!J102 -> 0.11771192 | C78: 76 | D78: 0.76262626 | E78: 0.71477599
B79: =LNs!J17 -> 0.17480169 | C79: 77 | D79: 0.77272727 | E79: 0.74785859
B80: =LNs!J75 -> 0.18698566 | C80: 78 | D80: 0.78282828 | E80: 0.78178075
B81: =LNs!J87 -> 0.21459512 | C81: 79 | D81: 0.79292929 | E81: 0.81662736
B82: =LNs!J51 -> 0.23782722 | C82: 80 | D82: 0.8030303 | E82: 0.85249503
B83: =LNs!J78 -> 0.25817087 | C83: 81 | D83: 0.81313131 | E83: 0.88949451
B84: =LNs!J23 -> 0.31209172 | C84: 82 | D84: 0.82323232 | E84: 0.92775369
B85: =LNs!J7 -> 0.33361817 | C85: 83 | D85: 0.83333333 | E85: 0.96742157
B86: =LNs!J11 -> 0.36442781 | C86: 84 | D86: 0.84343434 | E86: 1.0086734
B87: =LNs!J16 -> 0.41269888 | C87: 85 | D87: 0.85353535 | E87: 1.0517173
B88: =LNs!J64 -> 0.43925443 | C88: 86 | D88: 0.86363636 | E88: 1.0968036
B89: =LNs!J79 -> 0.4402143 | C89: 87 | D89: 0.87373737 | E89: 1.1442373
B90: =LNs!J88 -> 0.44779636 | C90: 88 | D90: 0.88383838 | E90: 1.1943957
B91: =LNs!J99 -> 0.46878414 | C91: 89 | D91: 0.89393939 | E91: 1.2477539
B92: =LNs!J77 -> 0.53374691 | C92: 90 | D92: 0.9040404 | E92: 1.3049226
B93: =LNs!J15 -> 0.58610748 | C93: 91 | D93: 0.91414141 | E93: 1.366707
B94: =LNs!J86 -> 0.6046711 | C94: 92 | D94: 0.92424242 | E94: 1.4342002
B95: =LNs!J14 -> 0.60876507 | C95: 93 | D95: 0.93434343 | E95: 1.5089439
B96: =LNs!J6 -> 0.62470773 | C96: 94 | D96: 0.94444444 | E96: 1.5932188
B97: =LNs!J97 -> 0.72343387 | C97: 95 | D97: 0.95454545 | E97: 1.6906216
B98: =LNs!J8 -> 0.76224871 | C98: 96 | D98: 0.96464646 | E98: 1.8073542
B99: =LNs!J85 -> 0.9609237 | C99: 97 | D99: 0.97474747 | E99: 1.9556614
B100: =LNs!J10 -> 1.0469365 | C100: 98 | D100: 0.98484848 | E100: 2.1661068
B101: =LNs!J9 -> 1.0642831 | C101: 99 | D101: 0.99494949 | E101: 2.5723521

Sheet Hi 10 Test
B2: Hi 10 Sorted | C2: Rank | D2: Rank Proportion | E2: Rank-Based Z Scores
B3: =LNs!K41 -> -1.1073332 | C3: 1 | D3: 0.0050505051 | E3: -2.5723521
B4: =LNs!K21 -> -0.90500466 | C4: 2 | D4: 0.015151515 | E4: -2.1661068
B5: =LNs!K42 -> -0.88799243 | C5: 3 | D5: 0.025252525 | E5: -1.9556614
B6: =LNs!K94 -> -0.87438373 | C6: 4 | D6: 0.035353535 | E6: -1.8073542
B7: =LNs!K29 -> -0.76210291 | C7: 5 | D7: 0.045454545 | E7: -1.6906216
B8: =LNs!K72 -> -0.66741511 | C8: 6 | D8: 0.055555556 | E8: -1.5932188
B9: =LNs!K31 -> -0.66442757 | C9: 7 | D9: 0.065656566 | E9: -1.5089439
B10: =LNs!K4 -> -0.65645466 | C10: 8 | D10: 0.075757576 | E10: -1.4342002
B11: =LNs!K38 -> -0.65049774 | C11: 9 | D11: 0.085858586 | E11: -1.366707
B12: =LNs!K44 -> -0.64612811 | C12: 10 | D12: 0.095959596 | E12: -1.3049226
B13: =LNs!K49 -> -0.64172999 | C13: 11 | D13: 0.10606061 | E13: -1.2477539
B14: =LNs!K30 -> -0.62971802 | C14: 12 | D14: 0.11616162 | E14: -1.1943957
B15: =LNs!K26 -> -0.59286755 | C15: 13 | D15: 0.12626263 | E15: -1.1442373
B16: =LNs!K40 -> -0.58578986 | C16: 14 | D16: 0.13636364 | E16: -1.0968036
B17: =LNs!K70 -> -0.5735702 | C17: 15 | D17: 0.14646465 | E17: -1.0517173
B18: =LNs!K22 -> -0.55532799 | C18: 16 | D18: 0.15656566 | E18: -1.0086734
B19: =LNs!K20 -> -0.54911957 | C19: 17 | D19: 0.16666667 | E19: -0.96742157
B20: =LNs!K35 -> -0.53997298 | C20: 18 | D20: 0.17676768 | E20: -0.92775369
B21: =LNs!K45 -> -0.53169692 | C21: 19 | D21: 0.18686869 | E21: -0.88949451
B22: =LNs!K28 -> -0.53122563 | C22: 20 | D22: 0.1969697 | E22: -0.85249503
B23: =LNs!K54 -> -0.51802481 | C23: 21 | D23: 0.20707071 | E23: -0.81662736
B24: =LNs!K83 -> -0.51787709 | C24: 22 | D24: 0.21717172 | E24: -0.78178075
B25: =LNs!K36 -> -0.50139853 | C25: 23 | D25: 0.22727273 | E25: -0.74785859
B26: =LNs!K69 -> -0.49539857 | C26: 24 | D26: 0.23737374 | E26: -0.71477599
B27: =LNs!K82 -> -0.48482168 | C27: 25 | D27: 0.24747475 | E27: -0.68245784
B28: =LNs!K71 -> -0.46919915 | C28: 26 | D28: 0.25757576 | E28: -0.65083731
B29: =LNs!K48 -> -0.44879806 | C29: 27 | D29: 0.26767677 | E29: -0.61985457
B30: =LNs!K46 -> -0.43272942 | C30: 28 | D30: 0.27777778 | E30: -0.5894558
B31: =LNs!K62 -> -0.41707423 | C31: 29 | D31: 0.28787879 | E31: -0.55959227
B32: =LNs!K90 -> -0.41298531 | C32: 30 | D32: 0.2979798 | E32: -0.53021973
B33: =LNs!K37 -> -0.40416945 | C33: 31 | D33: 0.30808081 | E33: -0.50129771
B34: =LNs!K24 -> -0.40345513 | C34: 32 | D34: 0.31818182 | E34: -0.47278912
B35: =LNs!K81 -> -0.39279521 | C35: 33 | D35: 0.32828283 | E35: -0.44465976
B36: =LNs!K18 -> -0.38210704 | C36: 34 | D36: 0.33838384 | E36: -0.41687796
B37: =LNs!K19 -> -0.37869709 | C37: 35 | D37: 0.34848485 | E37: -0.3894143
B38: =LNs!K56 -> -0.34149222 | C38: 36 | D38: 0.35858586 | E38: -0.3622413
B39: =LNs!K53 -> -0.3394948 | C39: 37 | D39: 0.36868687 | E39: -0.33533322
B40: =LNs!K91 -> -0.33483797 | C40: 38 | D40: 0.37878788 | E40: -0.30866581
B41: =LNs!K33 -> -0.32884857 | C41: 39 | D41: 0.38888889 | E41: -0.28221615
B42: =LNs!K43 -> -0.31469568 | C42: 40 | D42: 0.3989899 | E42: -0.25596249
B43: =LNs!K25 -> -0.28858381 | C43: 41 | D43: 0.40909091 | E43: -0.22988412
B44: =LNs!K73 -> -0.25741543 | C44: 42 | D44: 0.41919192 | E44: -0.20396118
B45: =LNs!K89 -> -0.25314024 | C45: 43 | D45: 0.42929293 | E45: -0.1781746
B46: =LNs!K27 -> -0.23323177 | C46: 44 | D46: 0.43939394 | E46: -0.15250597
B47: =LNs!K5 -> -0.23277983 | C47: 45 | D47: 0.44949495 | E47: -0.12693746
B48: =LNs!K93 -> -0.21587379 | C48: 46 | D48: 0.45959596 | E48: -0.10145167
B49: =LNs!K96 -> -0.21005212 | C49: 47 | D49: 0.46969697 | E49: -0.076031623
B50: =LNs!K55 -> -0.19523538 | C50: 48 | D50: 0.47979798 | E50: -0.050660617
B51: =LNs!K32 -> -0.18767385 | C51: 49 | D51: 0.48989899 | E51: -0.025322183
B52: =LNs!K13 -> -0.18702621 | C52: 50 | D52: 0.5 | E52: 0
B53: =LNs!K61 -> -0.18424741 | C53: 51 | D53: 0.51010101 | E53: 0.025322183
B54: =LNs!K100 -> -0.18030559 | C54: 52 | D54: 0.52020202 | E54: 0.050660617
B55: =LNs!K66 -> -0.17465581 | C55: 53 | D55: 0.53030303 | E55: 0.076031623
B56: =LNs!K98 -> -0.16802701 | C56: 54 | D56: 0.54040404 | E56: 0.10145167
B57: =LNs!K34 -> -0.16588459 | C57: 55 | D57: 0.55050505 | E57: 0.12693746
B58: =LNs!K101 -> -0.16253775 | C58: 56 | D58: 0.56060606 | E58: 0.15250597
B59: =LNs!K60 -> -0.14644875 | C59: 57 | D59: 0.57070707 | E59: 0.1781746
B60: =LNs!K12 -> -0.14372719 | C60: 58 | D60: 0.58080808 | E60: 0.20396118
B61: =LNs!K68 -> -0.10201168 | C61: 59 | D61: 0.59090909 | E61: 0.22988412
B62: =LNs!K58 -> -0.078004786 | C62: 60 | D62: 0.6010101 | E62: 0.25596249
B63: =LNs!K63 -> -0.051240664 | C63: 61 | D63: 0.61111111 | E63: 0.28221615
B64: =LNs!K84 -> -0.024361342 | C64: 62 | D64: 0.62121212 | E64: 0.30866581
B65: =LNs!K47 -> -0.023612596 | C65: 63 | D65: 0.63131313 | E65: 0.33533322
B66: =LNs!K92 -> -0.010340277 | C66: 64 | D66: 0.64141414 | E66: 0.3622413
B67: =LNs!K52 -> 0.0035636427 | C67: 65 | D67: 0.65151515 | E67: 0.3894143
B68: =LNs!K50 -> 0.018919885 | C68: 66 | D68: 0.66161616 | E68: 0.41687796
B69: =LNs!K67 -> 0.027440054 | C69: 67 | D69: 0.67171717 | E69: 0.44465976
B70: =LNs!K80 -> 0.045374815 | C70: 68 | D70: 0.68181818 | E70: 0.47278912
B71: =LNs!K17 -> 0.054440836 | C71: 69 | D71: 0.69191919 | E71: 0.50129771
B72: =LNs!K87 -> 0.062467628 | C72: 70 | D72: 0.7020202 | E72: 0.53021973
B73: =LNs!K65 -> 0.064447892 | C73: 71 | D73: 0.71212121 | E73: 0.55959227
B74: =LNs!K39 -> 0.078875873 | C74: 72 | D74: 0.72222222 | E74: 0.5894558
B75: =LNs!K23 -> 0.084828162 | C75: 73 | D75: 0.73232323 | E75: 0.61985457
B76: =LNs!K95 -> 0.11271242 | C76: 74 | D76: 0.74242424 | E76: 0.65083731
B77: =LNs!K57 -> 0.1174452 | C77: 75 | D77: 0.75252525 | E77: 0.68245784
B78: =LNs!K16 -> 0.14030093 | C78: 76 | D78: 0.76262626 | E78: 0.71477599
B79: =LNs!K74 -> 0.16210184 | C79: 77 | D79: 0.77272727 | E79: 0.74785859
B80: =LNs!K76 -> 0.17761885 | C80: 78 | D80: 0.78282828 | E80: 0.78178075
B81: =LNs!K59 -> 0.18615586 | C81: 79 | D81: 0.79292929 | E81: 0.81662736
B82: =LNs!K11 -> 0.19482638 | C82: 80 | D82: 0.8030303 | E82: 0.85249503
B83: =LNs!K102 -> 0.21144337 | C83: 81 | D83: 0.81313131 | E83: 0.88949451
B84: =LNs!K75 -> 0.27154507 | C84: 82 | D84: 0.82323232 | E84: 0.92775369
B85: =LNs!K88 -> 0.34333435 | C85: 83 | D85: 0.83333333 | E85: 0.96742157
B86: =LNs!K7 -> 0.35935834 | C86: 84 | D86: 0.84343434 | E86: 1.0086734
B87: =LNs!K78 -> 0.36232098 | C87: 85 | D87: 0.85353535 | E87: 1.0517173
B88: =LNs!K51 -> 0.37481344 | C88: 86 | D88: 0.86363636 | E88: 1.0968036
B89: =LNs!K14 -> 0.39535416 | C89: 87 | D89: 0.87373737 | E89: 1.1442373
B90: =LNs!K77 -> 0.40682418 | C90: 88 | D90: 0.88383838 | E90: 1.1943957
B91: =LNs!K99 -> 0.45432511 | C91: 89 | D91: 0.89393939 | E91: 1.2477539
B92: =LNs!K86 -> 0.45700704 | C92: 90 | D92: 0.9040404 | E92: 1.3049226
B93: =LNs!K15 -> 0.46760701 | C93: 91 | D93: 0.91414141 | E93: 1.366707
B94: =LNs!K64 -> 0.48572318 | C94: 92 | D94: 0.92424242 | E94: 1.4342002
B95: =LNs!K79 -> 0.50370433 | C95: 93 | D95: 0.93434343 | E95: 1.5089439
B96: =LNs!K6 -> 0.62714092 | C96: 94 | D96: 0.94444444 | E96: 1.5932188
B97: =LNs!K97 -> 0.63076101 | C97: 95 | D97: 0.95454545 | E97: 1.6906216
B98: =LNs!K8 -> 0.67868815 | C98: 96 | D98: 0.96464646 | E98: 1.8073542
B99: =LNs!K10 -> 0.88375514 | C99: 97 | D99: 0.97474747 | E99: 1.9556614
B100: =LNs!K85 -> 0.88843432 | C100: 98 | D100: 0.98484848 | E100: 2.1661068
B101: =LNs!K9 -> 1.0332699 | C101: 99 | D101: 0.99494949 | E101: 2.5723521
