Workbook

Sheet README
A1: This spreadsheet was made by Ender Dempsey under the mentorship of Andrey Sarantsev, Ph.D.
A3: The SDs by Year for Deciles sheet is the data that finds the standard deviations of the data from the Kenneth R French Observatory titled "Portfolios Formed on BE-ME [Daily]"
A4: The LNs sheet is the natural logarithms of all the values in the SDs by Year for Deciles sheet. This also includes a line graph of all the standard deviations for each decile for each year.
A5: The Correlation Matrix was done using the data from the LNs sheet.
A6: For all of the other sheets, I took the corresponding logarithms for the titular decile for each year and put them in the first column. These logarithms were soreted from low to high. Since we are testing for normality, the next columns were the ranking of the sorted logarithms, their ranking proportion, and their z-score. From this data, I made a Quantile-Quantile plot and added a linear fit line. Since the data is linear, it is log-normally distributed.

Sheet SDs by Year For Deciles
A1: Standard Deviations by Year for Each Decile
A3: Year | B3: Lo 10 | C3: Dec 2 | D3: Dec 3 | E3: Dec 4 | F3: Dec 5 | G3: Dec 6 | H3: Dec 7 | I3: Dec 8 | J3: Dec 9 | K3: Hi 10
A4: 1927 | B4: 0.706514 | C4: 0.561133 | D4: 0.65985 | E4: 0.470897 | F4: 0.51548 | G4: 0.511574 | H4: 0.623786 | I4: 0.661616 | J4: 0.873932 | K4: 1.21655
A5: 1928 | B5: 1.05185 | C5: 0.9432 | D5: 0.751112 | E5: 0.81472 | F5: 0.888513 | G5: 0.719811 | H5: 0.656007 | I5: 0.846974 | J5: 1.19958 | K5: 1.31902
A6: 1929 | B6: 2.26169 | C6: 2.02244 | D6: 2.274 | E6: 1.81066 | F6: 1.65583 | G6: 1.76006 | H6: 1.62996 | I6: 1.53862 | J6: 1.73647 | K6: 2.08401
A7: 1930 | B7: 1.76302 | C7: 1.57272 | D7: 1.47631 | E7: 1.25769 | F7: 1.12725 | G7: 1.38438 | H7: 1.13696 | I7: 1.35471 | J7: 1.64545 | K7: 1.97038
A8: 1931 | B8: 2.04984 | C8: 1.85471 | D8: 1.76843 | E8: 2.23621 | F8: 2.20611 | G8: 2.52325 | H8: 2.56792 | I8: 2.5985 | J8: 2.95711 | K8: 2.83968
A9: 1932 | B9: 2.86846 | C9: 2.43419 | D9: 2.45828 | E9: 3.37875 | F9: 3.0886 | G9: 3.87484 | H9: 3.70232 | I9: 3.64989 | J9: 3.44124 | K9: 3.74819
A10: 1933 | B10: 2.44832 | C10: 2.18351 | D10: 2.3168 | E10: 3.25568 | F10: 3.15554 | G10: 3.31181 | H10: 3.62665 | I10: 3.83886 | J10: 3.94159 | K10: 4.34259
A11: 1934 | B11: 1.26624 | C11: 1.28651 | D11: 1.22189 | E11: 1.25065 | F11: 1.5464 | G11: 1.76423 | H11: 2.01841 | I11: 2.24879 | J11: 2.49294 | K11: 2.71309
A12: 1935 | B12: 0.846514 | C12: 0.995536 | D12: 0.937612 | E12: 0.866035 | F12: 0.926196 | G12: 1.11702 | H12: 1.47799 | I12: 1.82042 | J12: 2.28445 | K12: 2.39514
A13: 1936 | B13: 0.818106 | C13: 0.89482 | D13: 0.804272 | E13: 0.874409 | F13: 0.747289 | G13: 1.07547 | H13: 1.16023 | I13: 1.52801 | J13: 1.58748 | K13: 2.02959
A14: 1937 | B14: 1.67658 | C14: 1.59332 | D14: 1.6314 | E14: 1.71909 | F14: 1.53256 | G14: 1.38065 | H14: 1.70576 | I14: 2.1822 | J14: 2.17894 | K14: 3.14075
A15: 1938 | B15: 1.6288 | C15: 1.85658 | D15: 1.56588 | E15: 1.78596 | F15: 1.72406 | G15: 1.50208 | H15: 1.92721 | I15: 2.14955 | J15: 2.55428 | K15: 3.48771
... A102: 2025 | B102: 1.49115 | C102: 1.25508 | D102: 1.27404 | E102: 1.17238 | F102: 1.11763 | G102: 1.10615 | H102: 1.06383 | I102: 1.19841 | J102: 1.37254 | K102: 1.54579

Sheet Correlation Matrix
B1: Lo 10 | C1: Dec 2 | D1: Dec 3 | E1: Dec 4 | F1: Dec 5 | G1: Dec 6 | H1: Dec 7 | I1: Dec 8 | J1: Dec 9 | K1: Hi 10
A2: Lo 10 | B2: 1
A3: Dec 2 | B3: 0.94104924 | C3: 1
A4: Dec 3 | B4: 0.95524573 | C4: 0.97185812 | D4: 1
A5: Dec 4 | B5: 0.92013571 | C5: 0.96512465 | D5: 0.95640991 | E5: 1
A6: Dec 5 | B6: 0.90819592 | C6: 0.94417659 | D6: 0.94717912 | E6: 0.96299435 | F6: 1
A7: Dec 6 | B7: 0.85790635 | C7: 0.90407481 | D7: 0.90715518 | E7: 0.94450759 | F7: 0.95534066 | G7: 1
A8: Dec 7 | B8: 0.79537286 | C8: 0.87140264 | D8: 0.87113371 | E8: 0.91293327 | F8: 0.93105578 | G8: 0.96254127 | H8: 1
A9: Dec 8 | B9: 0.76330211 | C9: 0.83656757 | D9: 0.8368474 | E9: 0.87763355 | F9: 0.89839759 | G9: 0.94550392 | H9: 0.96609923 | I9: 1
A10: Dec 9 | B10: 0.71761181 | C10: 0.80669909 | D10: 0.80125204 | E10: 0.84248406 | F10: 0.8689652 | G10: 0.91717498 | H10: 0.94861269 | I10: 0.97425854 | J10: 1
A11: Hi 10 | B11: 0.61487859 | C11: 0.71885685 | D11: 0.70345861 | E11: 0.76328163 | F11: 0.78055091 | G11: 0.83952037 | H11: 0.88913746 | I11: 0.92167268 | J11: 0.95748453 | K11: 1

Sheet lns
A3: ='SDs by Year For Deciles'!A3 -> Year | B3: ='SDs by Year For Deciles'!B3 -> Lo 10 | C3: ='SDs by Year For Deciles'!C3 -> Dec 2 | D3: ='SDs by Year For Deciles'!D3 -> Dec 3 | E3: ='SDs by Year For Deciles'!E3 -> Dec 4 | F3: ='SDs by Year For Deciles'!F3 -> Dec 5 | G3: ='SDs by Year For Deciles'!G3 -> Dec 6 | H3: ='SDs by Year For Deciles'!H3 -> Dec 7 | ... K3: ='SDs by Year For Deciles'!K3 -> Hi 10
A4: ='SDs by Year For Deciles'!A4 -> 1927 | B4: =LN('SDs by Year For Deciles'!B4) -> -0.34741226 | C4: =LN('SDs by Year For Deciles'!C4) -> -0.57779732 | D4: =LN('SDs by Year For Deciles'!D4) -> -0.41574274 | E4: =LN('SDs by Year For Deciles'!E4) -> -0.75311589 | F4: =LN('SDs by Year For Deciles'!F4) -> -0.66265677 | G4: =LN('SDs by Year For Deciles'!G4) -> -0.67026303 | H4: =LN('SDs by Year For Deciles'!H4) -> -0.47194792 | I4: =LN('SDs by Year For Deciles'!I4) -> -0.41306995 | ... K4: =LN('SDs by Year For Deciles'!K4) -> 0.19601898
A5: ='SDs by Year For Deciles'!A5 -> 1928 | B5: =LN('SDs by Year For Deciles'!B5) -> 0.050550519 | C5: =LN('SDs by Year For Deciles'!C5) -> -0.05847693 | D5: =LN('SDs by Year For Deciles'!D5) -> -0.2862005 | E5: =LN('SDs by Year For Deciles'!E5) -> -0.20491078 | F5: =LN('SDs by Year For Deciles'!F5) -> -0.118206 | G5: =LN('SDs by Year For Deciles'!G5) -> -0.3287666 | H5: =LN('SDs by Year For Deciles'!H5) -> -0.42158382 | I5: =LN('SDs by Year For Deciles'!I5) -> -0.16608528 | ... K5: =LN('SDs by Year For Deciles'!K5) -> 0.27688904
A6: ='SDs by Year For Deciles'!A6 -> 1929 | B6: =LN('SDs by Year For Deciles'!B6) -> 0.81611232 | C6: =LN('SDs by Year For Deciles'!C6) -> 0.7043047 | D6: =LN('SDs by Year For Deciles'!D6) -> 0.8215404 | E6: =LN('SDs by Year For Deciles'!E6) -> 0.59369142 | F6: =LN('SDs by Year For Deciles'!F6) -> 0.50430239 | G6: =LN('SDs by Year For Deciles'!G6) -> 0.5653479 | H6: =LN('SDs by Year For Deciles'!H6) -> 0.48855547 | I6: =LN('SDs by Year For Deciles'!I6) -> 0.43088591 | ... K6: =LN('SDs by Year For Deciles'!K6) -> 0.73429392
A7: ='SDs by Year For Deciles'!A7 -> 1930 | B7: =LN('SDs by Year For Deciles'!B7) -> 0.56702825 | C7: =LN('SDs by Year For Deciles'!C7) -> 0.4528066 | D7: =LN('SDs by Year For Deciles'!D7) -> 0.38954573 | E7: =LN('SDs by Year For Deciles'!E7) -> 0.22927671 | F7: =LN('SDs by Year For Deciles'!F7) -> 0.11978104 | G7: =LN('SDs by Year For Deciles'!G7) -> 0.32525239 | H7: =LN('SDs by Year For Deciles'!H7) -> 0.12835803 | I7: =LN('SDs by Year For Deciles'!I7) -> 0.30358741 | ... K7: =LN('SDs by Year For Deciles'!K7) -> 0.67822642
A8: ='SDs by Year For Deciles'!A8 -> 1931 | B8: =LN('SDs by Year For Deciles'!B8) -> 0.71776174 | C8: =LN('SDs by Year For Deciles'!C8) -> 0.61772835 | D8: =LN('SDs by Year For Deciles'!D8) -> 0.57009215 | E8: =LN('SDs by Year For Deciles'!E8) -> 0.80478247 | F8: =LN('SDs by Year For Deciles'!F8) -> 0.79123078 | G8: =LN('SDs by Year For Deciles'!G8) -> 0.92554775 | H8: =LN('SDs by Year For Deciles'!H8) -> 0.94309623 | I8: =LN('SDs by Year For Deciles'!I8) -> 0.95493436 | ... K8: =LN('SDs by Year For Deciles'!K8) -> 1.0436914
A9: ='SDs by Year For Deciles'!A9 -> 1932 | B9: =LN('SDs by Year For Deciles'!B9) -> 1.0537753 | C9: =LN('SDs by Year For Deciles'!C9) -> 0.88961405 | D9: =LN('SDs by Year For Deciles'!D9) -> 0.89946192 | E9: =LN('SDs by Year For Deciles'!E9) -> 1.2175058 | F9: =LN('SDs by Year For Deciles'!F9) -> 1.1277179 | G9: =LN('SDs by Year For Deciles'!G9) -> 1.3545044 | H9: =LN('SDs by Year For Deciles'!H9) -> 1.3089597 | I9: =LN('SDs by Year For Deciles'!I9) -> 1.294697 | ... K9: =LN('SDs by Year For Deciles'!K9) -> 1.3212731
A10: ='SDs by Year For Deciles'!A10 -> 1933 | B10: =LN('SDs by Year For Deciles'!B10) -> 0.89540208 | C10: =LN('SDs by Year For Deciles'!C10) -> 0.78093367 | D10: =LN('SDs by Year For Deciles'!D10) -> 0.84018692 | E10: =LN('SDs by Year For Deciles'!E10) -> 1.1804012 | F10: =LN('SDs by Year For Deciles'!F10) -> 1.1491596 | G10: =LN('SDs by Year For Deciles'!G10) -> 1.1974949 | H10: =LN('SDs by Year For Deciles'!H10) -> 1.2883094 | I10: =LN('SDs by Year For Deciles'!I10) -> 1.3451754 | ... K10: =LN('SDs by Year For Deciles'!K10) -> 1.4684709
A11: ='SDs by Year For Deciles'!A11 -> 1934 | B11: =LN('SDs by Year For Deciles'!B11) -> 0.23605188 | C11: =LN('SDs by Year For Deciles'!C11) -> 0.25193313 | D11: =LN('SDs by Year For Deciles'!D11) -> 0.20039884 | E11: =LN('SDs by Year For Deciles'!E11) -> 0.22366342 | F11: =LN('SDs by Year For Deciles'!F11) -> 0.43592965 | G11: =LN('SDs by Year For Deciles'!G11) -> 0.56771433 | H11: =LN('SDs by Year For Deciles'!H11) -> 0.70231007 | I11: =LN('SDs by Year For Deciles'!I11) -> 0.81039229 | ... K11: =LN('SDs by Year For Deciles'!K11) -> 0.99808821
A12: ='SDs by Year For Deciles'!A12 -> 1935 | B12: =LN('SDs by Year For Deciles'!B12) -> -0.16662854 | C12: =LN('SDs by Year For Deciles'!C12) -> -0.0044739934 | D12: =LN('SDs by Year For Deciles'!D12) -> -0.064419062 | E12: =LN('SDs by Year For Deciles'!E12) -> -0.14382996 | F12: =LN('SDs by Year For Deciles'!F12) -> -0.076669404 | G12: =LN('SDs by Year For Deciles'!G12) -> 0.11066443 | H12: =LN('SDs by Year For Deciles'!H12) -> 0.39068306 | I12: =LN('SDs by Year For Deciles'!I12) -> 0.59906724 | ... K12: =LN('SDs by Year For Deciles'!K12) -> 0.87344168
A13: ='SDs by Year For Deciles'!A13 -> 1936 | B13: =LN('SDs by Year For Deciles'!B13) -> -0.20076337 | C13: =LN('SDs by Year For Deciles'!C13) -> -0.1111327 | D13: =LN('SDs by Year For Deciles'!D13) -> -0.21781776 | E13: =LN('SDs by Year For Deciles'!E13) -> -0.13420705 | F13: =LN('SDs by Year For Deciles'!F13) -> -0.29130329 | G13: =LN('SDs by Year For Deciles'!G13) -> 0.072757775 | H13: =LN('SDs by Year For Deciles'!H13) -> 0.14861826 | I13: =LN('SDs by Year For Deciles'!I13) -> 0.42396624 | ... K13: =LN('SDs by Year For Deciles'!K13) -> 0.7078338
A14: ='SDs by Year For Deciles'!A14 -> 1937 | B14: =LN('SDs by Year For Deciles'!B14) -> 0.516756 | C14: =LN('SDs by Year For Deciles'!C14) -> 0.46581989 | D14: =LN('SDs by Year For Deciles'!D14) -> 0.48943854 | E14: =LN('SDs by Year For Deciles'!E14) -> 0.54179508 | F14: =LN('SDs by Year For Deciles'!F14) -> 0.42693954 | G14: =LN('SDs by Year For Deciles'!G14) -> 0.3225544 | H14: =LN('SDs by Year For Deciles'!H14) -> 0.53401076 | I14: =LN('SDs by Year For Deciles'!I14) -> 0.78033354 | ... K14: =LN('SDs by Year For Deciles'!K14) -> 1.1444616
A15: ='SDs by Year For Deciles'!A15 -> 1938 | B15: =LN('SDs by Year For Deciles'!B15) -> 0.48784355 | C15: =LN('SDs by Year For Deciles'!C15) -> 0.61873609 | D15: =LN('SDs by Year For Deciles'!D15) -> 0.44844797 | E15: =LN('SDs by Year For Deciles'!E15) -> 0.57995609 | F15: =LN('SDs by Year For Deciles'!F15) -> 0.54468197 | G15: =LN('SDs by Year For Deciles'!G15) -> 0.40685081 | H15: =LN('SDs by Year For Deciles'!H15) -> 0.65607336 | I15: =LN('SDs by Year For Deciles'!I15) -> 0.76525852 | ... K15: =LN('SDs by Year For Deciles'!K15) -> 1.2492454
... A102: ='SDs by Year For Deciles'!A102 -> 2025 | B102: =LN('SDs by Year For Deciles'!B102) -> 0.39954763 | C102: =LN('SDs by Year For Deciles'!C102) -> 0.22719932 | D102: =LN('SDs by Year For Deciles'!D102) -> 0.24219295 | E102: =LN('SDs by Year For Deciles'!E102) -> 0.15903587 | F102: =LN('SDs by Year For Deciles'!F102) -> 0.11121037 | G102: =LN('SDs by Year For Deciles'!G102) -> 0.10088552 | H102: =LN('SDs by Year For Deciles'!H102) -> 0.061875604 | I102: =LN('SDs by Year For Deciles'!I102) -> 0.18099568 | ... K102: =LN('SDs by Year For Deciles'!K102) -> 0.43553511

Sheet Lo 10 Test
B3: Ln of Lo 10 Sorted | C3: Rank | D3: Rank Proportion | E3: Rank-Based Z Scores
B4: =lns!B41 -> -0.93395076 | C4: 1 | D4: =(C4-0.5)/99 -> 0.0050505051 | E4: =NORMSINV(D4) -> -2.5723521
B5: =lns!B21 -> -0.83268975 | C5: 2 | D5: =(C5-0.5)/99 -> 0.015151515 | E5: =NORMSINV(D5) -> -2.1661068
B6: =lns!B94 -> -0.81990613 | C6: 3 | D6: =(C6-0.5)/99 -> 0.025252525 | E6: =NORMSINV(D6) -> -1.9556614
B7: =lns!B29 -> -0.79023975 | C7: 4 | D7: =(C7-0.5)/99 -> 0.035353535 | E7: =NORMSINV(D7) -> -1.8073542
B8: =lns!B42 -> -0.65638718 | C8: 5 | D8: =(C8-0.5)/99 -> 0.045454545 | E8: =NORMSINV(D8) -> -1.6906216
B9: =lns!B20 -> -0.62176277 | C9: 6 | D9: =(C9-0.5)/99 -> 0.055555556 | E9: =NORMSINV(D9) -> -1.5932188
B10: =lns!B26 -> -0.58976422 | C10: 7 | D10: =(C10-0.5)/99 -> 0.065656566 | E10: =NORMSINV(D10) -> -1.5089439
B11: =lns!B38 -> -0.56563562 | C11: 8 | D11: =(C11-0.5)/99 -> 0.075757576 | E11: =NORMSINV(D11) -> -1.4342002
B12: =lns!B28 -> -0.56291573 | C12: 9 | D12: =(C12-0.5)/99 -> 0.085858586 | E12: =NORMSINV(D12) -> -1.366707
B13: =lns!B30 -> -0.53616736 | C13: 10 | D13: =(C13-0.5)/99 -> 0.095959596 | E13: =NORMSINV(D13) -> -1.3049226
B14: =lns!B72 -> -0.52970947 | C14: 11 | D14: =(C14-0.5)/99 -> 0.10606061 | E14: =NORMSINV(D14) -> -1.2477539
B15: =lns!B40 -> -0.5257227 | C15: 12 | D15: =(C15-0.5)/99 -> 0.11616162 | E15: =NORMSINV(D15) -> -1.1943957
B16: =lns!B22 -> -0.50447251 | C16: 13 | D16: =(C16-0.5)/99 -> 0.12626263 | E16: =NORMSINV(D16) -> -1.1442373
B17: =lns!B31 -> -0.5002946 | C17: 14 | D17: =(C17-0.5)/99 -> 0.13636364 | E17: =NORMSINV(D17) -> -1.0968036
B18: =lns!B35 -> -0.49097888 | C18: 15 | D18: =(C18-0.5)/99 -> 0.14646465 | E18: =NORMSINV(D18) -> -1.0517173
B19: =lns!B82 -> -0.47136936 | C19: 16 | D19: =(C19-0.5)/99 -> 0.15656566 | E19: =NORMSINV(D19) -> -1.0086734
B20: =lns!B49 -> -0.44696546 | C20: 17 | D20: =(C20-0.5)/99 -> 0.16666667 | E20: =NORMSINV(D20) -> -0.96742157
B21: =lns!B36 -> -0.39252865 | C21: 18 | D21: =(C21-0.5)/99 -> 0.17676768 | E21: =NORMSINV(D21) -> -0.92775369
B22: =lns!B54 -> -0.38846051 | C22: 19 | D22: =(C22-0.5)/99 -> 0.18686869 | E22: =NORMSINV(D22) -> -0.88949451
B23: =lns!B83 -> -0.38266257 | C23: 20 | D23: =(C23-0.5)/99 -> 0.1969697 | E23: =NORMSINV(D23) -> -0.85249503
B24: =lns!B24 -> -0.36308832 | C24: 21 | D24: =(C24-0.5)/99 -> 0.20707071 | E24: =NORMSINV(D24) -> -0.81662736
B25: =lns!B44 -> -0.36291581 | C25: 22 | D25: =(C25-0.5)/99 -> 0.21717172 | E25: =NORMSINV(D25) -> -0.78178075
B26: =lns!B71 -> -0.34896191 | C26: 23 | D26: =(C26-0.5)/99 -> 0.22727273 | E26: =NORMSINV(D26) -> -0.74785859
B27: =lns!B81 -> -0.34795026 | C27: 24 | D27: =(C27-0.5)/99 -> 0.23737374 | E27: =NORMSINV(D27) -> -0.71477599
B28: =lns!B4 -> -0.34741226 | C28: 25 | D28: =(C28-0.5)/99 -> 0.24747475 | E28: =NORMSINV(D28) -> -0.68245784
B29: =lns!B19 -> -0.34436954 | C29: 26 | D29: =(C29-0.5)/99 -> 0.25757576 | E29: =NORMSINV(D29) -> -0.65083731
B30: =lns!B18 -> -0.33059375 | C30: 27 | D30: =(C30-0.5)/99 -> 0.26767677 | E30: =NORMSINV(D30) -> -0.61985457
B31: =lns!B90 -> -0.32143605 | C31: 28 | D31: =(C31-0.5)/99 -> 0.27777778 | E31: =NORMSINV(D31) -> -0.5894558
B32: =lns!B25 -> -0.32124575 | C32: 29 | D32: =(C32-0.5)/99 -> 0.28787879 | E32: =NORMSINV(D32) -> -0.55959227
B33: =lns!B48 -> -0.29266379 | C33: 30 | D33: =(C33-0.5)/99 -> 0.2979798 | E33: =NORMSINV(D33) -> -0.53021973
B34: =lns!B33 -> -0.27960809 | C34: 31 | D34: =(C34-0.5)/99 -> 0.30808081 | E34: =NORMSINV(D34) -> -0.50129771
B35: =lns!B56 -> -0.27787829 | C35: 32 | D35: =(C35-0.5)/99 -> 0.31818182 | E35: =NORMSINV(D35) -> -0.47278912
B36: =lns!B62 -> -0.27119736 | C36: 33 | D36: =(C36-0.5)/99 -> 0.32828283 | E36: =NORMSINV(D36) -> -0.44465976
B37: =lns!B53 -> -0.2651003 | C37: 34 | D37: =(C37-0.5)/99 -> 0.33838384 | E37: =NORMSINV(D37) -> -0.41687796
B38: =lns!B37 -> -0.25273587 | C38: 35 | D38: =(C38-0.5)/99 -> 0.34848485 | E38: =NORMSINV(D38) -> -0.3894143
B39: =lns!B70 -> -0.22194302 | C39: 36 | D39: =(C39-0.5)/99 -> 0.35858586 | E39: =NORMSINV(D39) -> -0.3622413
B40: =lns!B69 -> -0.21921129 | C40: 37 | D40: =(C40-0.5)/99 -> 0.36868687 | E40: =NORMSINV(D40) -> -0.33533322
B41: =lns!B46 -> -0.21276881 | C41: 38 | D41: =(C41-0.5)/99 -> 0.37878788 | E41: =NORMSINV(D41) -> -0.30866581
B42: =lns!B27 -> -0.20667245 | C42: 39 | D42: =(C42-0.5)/99 -> 0.38888889 | E42: =NORMSINV(D42) -> -0.28221615
B43: =lns!B13 -> -0.20076337 | C43: 40 | D43: =(C43-0.5)/99 -> 0.3989899 | E43: =NORMSINV(D43) -> -0.25596249
B44: =lns!B66 -> -0.19370976 | C44: 41 | D44: =(C44-0.5)/99 -> 0.40909091 | E44: =NORMSINV(D44) -> -0.22988412
B45: =lns!B93 -> -0.17967347 | C45: 42 | D45: =(C45-0.5)/99 -> 0.41919192 | E45: =NORMSINV(D45) -> -0.20396118
B46: =lns!B12 -> -0.16662854 | C46: 43 | D46: =(C46-0.5)/99 -> 0.42929293 | E46: =NORMSINV(D46) -> -0.1781746
B47: =lns!B73 -> -0.15638718 | C47: 44 | D47: =(C47-0.5)/99 -> 0.43939394 | E47: =NORMSINV(D47) -> -0.15250597
B48: =lns!B45 -> -0.1522949 | C48: 45 | D48: =(C48-0.5)/99 -> 0.44949495 | E48: =NORMSINV(D48) -> -0.12693746
B49: =lns!B89 -> -0.12807999 | C49: 46 | D49: =(C49-0.5)/99 -> 0.45959596 | E49: =NORMSINV(D49) -> -0.10145167
B50: =lns!B91 -> -0.11406608 | C50: 47 | D50: =(C50-0.5)/99 -> 0.46969697 | E50: =NORMSINV(D50) -> -0.076031623
B51: =lns!B34 -> -0.10296561 | C51: 48 | D51: =(C51-0.5)/99 -> 0.47979798 | E51: =NORMSINV(D51) -> -0.050660617
B52: =lns!B60 -> -0.10137403 | C52: 49 | D52: =(C52-0.5)/99 -> 0.48989899 | E52: =NORMSINV(D52) -> -0.025322183
B53: =lns!B43 -> -0.091786396 | C53: 50 | D53: =(C53-0.5)/99 -> 0.5 | E53: =NORMSINV(D53) -> 0
B54: =lns!B32 -> -0.09172611 | C54: 51 | D54: =(C54-0.5)/99 -> 0.51010101 | E54: =NORMSINV(D54) -> 0.025322183
B55: =lns!B96 -> -0.060215081 | C55: 52 | D55: =(C55-0.5)/99 -> 0.52020202 | E55: =NORMSINV(D55) -> 0.050660617
B56: =lns!B55 -> -0.045723571 | C56: 53 | D56: =(C56-0.5)/99 -> 0.53030303 | E56: =NORMSINV(D56) -> 0.076031623
B57: =lns!B17 -> -0.042323121 | C57: 54 | D57: =(C57-0.5)/99 -> 0.54040404 | E57: =NORMSINV(D57) -> 0.10145167
B58: =lns!B63 -> -0.021919486 | C58: 55 | D58: =(C58-0.5)/99 -> 0.55050505 | E58: =NORMSINV(D58) -> 0.12693746
B59: =lns!B84 -> -0.015836742 | C59: 56 | D59: =(C59-0.5)/99 -> 0.56060606 | E59: =NORMSINV(D59) -> 0.15250597
B60: =lns!B87 -> -0.0097938031 | C60: 57 | D60: =(C60-0.5)/99 -> 0.57070707 | E60: =NORMSINV(D60) -> 0.1781746
B61: =lns!B65 -> -0.0076975503 | C61: 58 | D61: =(C61-0.5)/99 -> 0.58080808 | E61: =NORMSINV(D61) -> 0.20396118
B62: =lns!B68 -> -0.0012067278 | C62: 59 | D62: =(C62-0.5)/99 -> 0.59090909 | E62: =NORMSINV(D62) -> 0.22988412
B63: =lns!B61 -> 0.0028359748 | C63: 60 | D63: =(C63-0.5)/99 -> 0.6010101 | E63: =NORMSINV(D63) -> 0.25596249
B64: =lns!B16 -> 0.012373136 | C64: 61 | D64: =(C64-0.5)/99 -> 0.61111111 | E64: =NORMSINV(D64) -> 0.28221615
B65: =lns!B92 -> 0.027235718 | C65: 62 | D65: =(C65-0.5)/99 -> 0.62121212 | E65: =NORMSINV(D65) -> 0.30866581
B66: =lns!B80 -> 0.028529146 | C66: 63 | D66: =(C66-0.5)/99 -> 0.63131313 | E66: =NORMSINV(D66) -> 0.33533322
B67: =lns!B100 -> 0.046520925 | C67: 64 | D67: =(C67-0.5)/99 -> 0.64141414 | E67: =NORMSINV(D67) -> 0.3622413
B68: =lns!B5 -> 0.050550519 | C68: 65 | D68: =(C68-0.5)/99 -> 0.65151515 | E68: =NORMSINV(D68) -> 0.3894143
B69: =lns!B101 -> 0.093982025 | C69: 66 | D69: =(C69-0.5)/99 -> 0.66161616 | E69: =NORMSINV(D69) -> 0.41687796
B70: =lns!B58 -> 0.096709201 | C70: 67 | D70: =(C70-0.5)/99 -> 0.67171717 | E70: =NORMSINV(D70) -> 0.44465976
B71: =lns!B98 -> 0.10613322 | C71: 68 | D71: =(C71-0.5)/99 -> 0.68181818 | E71: =NORMSINV(D71) -> 0.47278912
B72: =lns!B57 -> 0.1093117 | C72: 69 | D72: =(C72-0.5)/99 -> 0.69191919 | E72: =NORMSINV(D72) -> 0.50129771
B73: =lns!B52 -> 0.14190747 | C73: 70 | D73: =(C73-0.5)/99 -> 0.7020202 | E73: =NORMSINV(D73) -> 0.53021973
B74: =lns!B50 -> 0.15647369 | C74: 71 | D74: =(C74-0.5)/99 -> 0.71212121 | E74: =NORMSINV(D74) -> 0.55959227
B75: =lns!B67 -> 0.17938391 | C75: 72 | D75: =(C75-0.5)/99 -> 0.72222222 | E75: =NORMSINV(D75) -> 0.5894558
B76: =lns!B23 -> 0.18421975 | C76: 73 | D76: =(C76-0.5)/99 -> 0.73232323 | E76: =NORMSINV(D76) -> 0.61985457
B77: =lns!B11 -> 0.23605188 | C77: 74 | D77: =(C77-0.5)/99 -> 0.74242424 | E77: =NORMSINV(D77) -> 0.65083731
B78: =lns!B74 -> 0.23727523 | C78: 75 | D78: =(C78-0.5)/99 -> 0.75252525 | E78: =NORMSINV(D78) -> 0.68245784
B79: =lns!B95 -> 0.26191801 | C79: 76 | D79: =(C79-0.5)/99 -> 0.76262626 | E79: =NORMSINV(D79) -> 0.71477599
B80: =lns!B47 -> 0.27337268 | C80: 77 | D80: =(C80-0.5)/99 -> 0.77272727 | E80: =NORMSINV(D80) -> 0.74785859
B81: =lns!B39 -> 0.27894148 | C81: 78 | D81: =(C81-0.5)/99 -> 0.78282828 | E81: =NORMSINV(D81) -> 0.78178075
B82: =lns!B59 -> 0.29233374 | C82: 79 | D82: =(C82-0.5)/99 -> 0.79292929 | E82: =NORMSINV(D82) -> 0.81662736
B83: =lns!B76 -> 0.29685487 | C83: 80 | D83: =(C83-0.5)/99 -> 0.8030303 | E83: =NORMSINV(D83) -> 0.85249503
B84: =lns!B88 -> 0.31915167 | C84: 81 | D84: =(C84-0.5)/99 -> 0.81313131 | E84: =NORMSINV(D84) -> 0.88949451
B85: =lns!B75 -> 0.35058645 | C85: 82 | D85: =(C85-0.5)/99 -> 0.82323232 | E85: =NORMSINV(D85) -> 0.92775369
B86: =lns!B86 -> 0.35616982 | C86: 83 | D86: =(C86-0.5)/99 -> 0.83333333 | E86: =NORMSINV(D86) -> 0.96742157
B87: =lns!B102 -> 0.39954763 | C87: 84 | D87: =(C87-0.5)/99 -> 0.84343434 | E87: =NORMSINV(D87) -> 1.0086734
B88: =lns!B15 -> 0.48784355 | C88: 85 | D88: =(C88-0.5)/99 -> 0.85353535 | E88: =NORMSINV(D88) -> 1.0517173
B89: =lns!B79 -> 0.49083514 | C89: 86 | D89: =(C89-0.5)/99 -> 0.86363636 | E89: =NORMSINV(D89) -> 1.0968036
B90: =lns!B14 -> 0.516756 | C90: 87 | D90: =(C90-0.5)/99 -> 0.87373737 | E90: =NORMSINV(D90) -> 1.1442373
B91: =lns!B51 -> 0.52912123 | C91: 88 | D91: =(C91-0.5)/99 -> 0.88383838 | E91: =NORMSINV(D91) -> 1.1943957
B92: =lns!B78 -> 0.5545975 | C92: 89 | D92: =(C92-0.5)/99 -> 0.89393939 | E92: =NORMSINV(D92) -> 1.2477539
B93: =lns!B7 -> 0.56702825 | C93: 90 | D93: =(C93-0.5)/99 -> 0.9040404 | E93: =NORMSINV(D93) -> 1.3049226
B94: =lns!B77 -> 0.63909218 | C94: 91 | D94: =(C94-0.5)/99 -> 0.91414141 | E94: =NORMSINV(D94) -> 1.366707
B95: =lns!B64 -> 0.69828396 | C95: 92 | D95: =(C95-0.5)/99 -> 0.92424242 | E95: =NORMSINV(D95) -> 1.4342002
B96: =lns!B99 -> 0.70636938 | C96: 93 | D96: =(C96-0.5)/99 -> 0.93434343 | E96: =NORMSINV(D96) -> 1.5089439
B97: =lns!B8 -> 0.71776174 | C97: 94 | D97: =(C97-0.5)/99 -> 0.94444444 | E97: =NORMSINV(D97) -> 1.5932188
B98: =lns!B97 -> 0.74676851 | C98: 95 | D98: =(C98-0.5)/99 -> 0.95454545 | E98: =NORMSINV(D98) -> 1.6906216
B99: =lns!B6 -> 0.81611232 | C99: 96 | D99: =(C99-0.5)/99 -> 0.96464646 | E99: =NORMSINV(D99) -> 1.8073542
B100: =lns!B85 -> 0.86300809 | C100: 97 | D100: =(C100-0.5)/99 -> 0.97474747 | E100: =NORMSINV(D100) -> 1.9556614
B101: =lns!B10 -> 0.89540208 | C101: 98 | D101: =(C101-0.5)/99 -> 0.98484848 | E101: =NORMSINV(D101) -> 2.1661068
B102: =lns!B9 -> 1.0537753 | C102: 99 | D102: =(C102-0.5)/99 -> 0.99494949 | E102: =NORMSINV(D102) -> 2.5723521

Sheet Dec 2 Test
B3: Lns of Dec 2 Sorted | C3: Rank | D3: Rank Proportion | E3: Rank-Based Z Scores
B4: =lns!C41 -> -0.9923298 | C4: 1 | D4: =(C4-0.5)/99 -> 0.0050505051 | E4: =NORMSINV(D4) -> -2.5723521
B5: =lns!C42 -> -0.91039564 | C5: 2 | D5: =(C5-0.5)/99 -> 0.015151515 | E5: =NORMSINV(D5) -> -2.1661068
B6: =lns!C31 -> -0.88186998 | C6: 3 | D6: =(C6-0.5)/99 -> 0.025252525 | E6: =NORMSINV(D6) -> -1.9556614
B7: =lns!C29 -> -0.84751355 | C7: 4 | D7: =(C7-0.5)/99 -> 0.035353535 | E7: =NORMSINV(D7) -> -1.8073542
B8: =lns!C38 -> -0.82057836 | C8: 5 | D8: =(C8-0.5)/99 -> 0.045454545 | E8: =NORMSINV(D8) -> -1.6906216
B9: =lns!C44 -> -0.745852 | C9: 6 | D9: =(C9-0.5)/99 -> 0.055555556 | E9: =NORMSINV(D9) -> -1.5932188
B10: =lns!C21 -> -0.724351 | C10: 7 | D10: =(C10-0.5)/99 -> 0.065656566 | E10: =NORMSINV(D10) -> -1.5089439
B11: =lns!C30 -> -0.71635235 | C11: 8 | D11: =(C11-0.5)/99 -> 0.075757576 | E11: =NORMSINV(D11) -> -1.4342002
B12: =lns!C49 -> -0.61420847 | C12: 9 | D12: =(C12-0.5)/99 -> 0.085858586 | E12: =NORMSINV(D12) -> -1.366707
B13: =lns!C28 -> -0.61085224 | C13: 10 | D13: =(C13-0.5)/99 -> 0.095959596 | E13: =NORMSINV(D13) -> -1.3049226
B14: =lns!C72 -> -0.60740444 | C14: 11 | D14: =(C14-0.5)/99 -> 0.10606061 | E14: =NORMSINV(D14) -> -1.2477539
B15: =lns!C4 -> -0.57779732 | C15: 12 | D15: =(C15-0.5)/99 -> 0.11616162 | E15: =NORMSINV(D15) -> -1.1943957
B16: =lns!C94 -> -0.54844615 | C16: 13 | D16: =(C16-0.5)/99 -> 0.12626263 | E16: =NORMSINV(D16) -> -1.1442373
B17: =lns!C26 -> -0.53448327 | C17: 14 | D17: =(C17-0.5)/99 -> 0.13636364 | E17: =NORMSINV(D17) -> -1.0968036
B18: =lns!C70 -> -0.50109314 | C18: 15 | D18: =(C18-0.5)/99 -> 0.14646465 | E18: =NORMSINV(D18) -> -1.0517173
B19: =lns!C45 -> -0.49620634 | C19: 16 | D19: =(C19-0.5)/99 -> 0.15656566 | E19: =NORMSINV(D19) -> -1.0086734
B20: =lns!C36 -> -0.48745421 | C20: 17 | D20: =(C20-0.5)/99 -> 0.16666667 | E20: =NORMSINV(D20) -> -0.96742157
B21: =lns!C40 -> -0.4829365 | C21: 18 | D21: =(C21-0.5)/99 -> 0.17676768 | E21: =NORMSINV(D21) -> -0.92775369
B22: =lns!C35 -> -0.4672953 | C22: 19 | D22: =(C22-0.5)/99 -> 0.18686869 | E22: =NORMSINV(D22) -> -0.88949451
B23: =lns!C37 -> -0.46472956 | C23: 20 | D23: =(C23-0.5)/99 -> 0.1969697 | E23: =NORMSINV(D23) -> -0.85249503
B24: =lns!C71 -> -0.4523319 | C24: 21 | D24: =(C24-0.5)/99 -> 0.20707071 | E24: =NORMSINV(D24) -> -0.81662736
B25: =lns!C54 -> -0.43274638 | C25: 22 | D25: =(C25-0.5)/99 -> 0.21717172 | E25: =NORMSINV(D25) -> -0.78178075
B26: =lns!C69 -> -0.41479903 | C26: 23 | D26: =(C26-0.5)/99 -> 0.22727273 | E26: =NORMSINV(D26) -> -0.74785859
B27: =lns!C90 -> -0.41426017 | C27: 24 | D27: =(C27-0.5)/99 -> 0.23737374 | E27: =NORMSINV(D27) -> -0.71477599
B28: =lns!C18 -> -0.40000305 | C28: 25 | D28: =(C28-0.5)/99 -> 0.24747475 | E28: =NORMSINV(D28) -> -0.68245784
B29: =lns!C19 -> -0.39887437 | C29: 26 | D29: =(C29-0.5)/99 -> 0.25757576 | E29: =NORMSINV(D29) -> -0.65083731
B30: =lns!C20 -> -0.39324854 | C30: 27 | D30: =(C30-0.5)/99 -> 0.26767677 | E30: =NORMSINV(D30) -> -0.61985457
B31: =lns!C43 -> -0.39117766 | C31: 28 | D31: =(C31-0.5)/99 -> 0.27777778 | E31: =NORMSINV(D31) -> -0.5894558
B32: =lns!C48 -> -0.38657466 | C32: 29 | D32: =(C32-0.5)/99 -> 0.28787879 | E32: =NORMSINV(D32) -> -0.55959227
B33: =lns!C62 -> -0.37306133 | C33: 30 | D33: =(C33-0.5)/99 -> 0.2979798 | E33: =NORMSINV(D33) -> -0.53021973
B34: =lns!C53 -> -0.37148841 | C34: 31 | D34: =(C34-0.5)/99 -> 0.30808081 | E34: =NORMSINV(D34) -> -0.50129771
B35: =lns!C83 -> -0.35765113 | C35: 32 | D35: =(C35-0.5)/99 -> 0.31818182 | E35: =NORMSINV(D35) -> -0.47278912
B36: =lns!C82 -> -0.35597233 | C36: 33 | D36: =(C36-0.5)/99 -> 0.32828283 | E36: =NORMSINV(D36) -> -0.44465976
B37: =lns!C33 -> -0.34909375 | C37: 34 | D37: =(C37-0.5)/99 -> 0.33838384 | E37: =NORMSINV(D37) -> -0.41687796
B38: =lns!C22 -> -0.33726455 | C38: 35 | D38: =(C38-0.5)/99 -> 0.34848485 | E38: =NORMSINV(D38) -> -0.3894143
B39: =lns!C91 -> -0.32998433 | C39: 36 | D39: =(C39-0.5)/99 -> 0.35858586 | E39: =NORMSINV(D39) -> -0.3622413
B40: =lns!C32 -> -0.29207035 | C40: 37 | D40: =(C40-0.5)/99 -> 0.36868687 | E40: =NORMSINV(D40) -> -0.33533322
B41: =lns!C56 -> -0.27453159 | C41: 38 | D41: =(C41-0.5)/99 -> 0.37878788 | E41: =NORMSINV(D41) -> -0.30866581
B42: =lns!C81 -> -0.23112532 | C42: 39 | D42: =(C42-0.5)/99 -> 0.38888889 | E42: =NORMSINV(D42) -> -0.28221615
B43: =lns!C73 -> -0.22401268 | C43: 40 | D43: =(C43-0.5)/99 -> 0.3989899 | E43: =NORMSINV(D43) -> -0.25596249
B44: =lns!C46 -> -0.21179445 | C44: 41 | D44: =(C44-0.5)/99 -> 0.40909091 | E44: =NORMSINV(D44) -> -0.22988412
B45: =lns!C66 -> -0.20898057 | C45: 42 | D45: =(C45-0.5)/99 -> 0.41919192 | E45: =NORMSINV(D45) -> -0.20396118
B46: =lns!C89 -> -0.1816274 | C46: 43 | D46: =(C46-0.5)/99 -> 0.42929293 | E46: =NORMSINV(D46) -> -0.1781746
B47: =lns!C61 -> -0.1809501 | C47: 44 | D47: =(C47-0.5)/99 -> 0.43939394 | E47: =NORMSINV(D47) -> -0.15250597
B48: =lns!C101 -> -0.18012717 | C48: 45 | D48: =(C48-0.5)/99 -> 0.44949495 | E48: =NORMSINV(D48) -> -0.12693746
B49: =lns!C25 -> -0.17765765 | C49: 46 | D49: =(C49-0.5)/99 -> 0.45959596 | E49: =NORMSINV(D49) -> -0.10145167
B50: =lns!C98 -> -0.15224483 | C50: 47 | D50: =(C50-0.5)/99 -> 0.46969697 | E50: =NORMSINV(D50) -> -0.076031623
B51: =lns!C93 -> -0.13150488 | C51: 48 | D51: =(C51-0.5)/99 -> 0.47979798 | E51: =NORMSINV(D51) -> -0.050660617
B52: =lns!C96 -> -0.12812432 | C52: 49 | D52: =(C52-0.5)/99 -> 0.48989899 | E52: =NORMSINV(D52) -> -0.025322183
B53: =lns!C60 -> -0.12513474 | C53: 50 | D53: =(C53-0.5)/99 -> 0.5 | E53: =NORMSINV(D53) -> 0
B54: =lns!C24 -> -0.12398624 | C54: 51 | D54: =(C54-0.5)/99 -> 0.51010101 | E54: =NORMSINV(D54) -> 0.025322183
B55: =lns!C34 -> -0.11510899 | C55: 52 | D55: =(C55-0.5)/99 -> 0.52020202 | E55: =NORMSINV(D55) -> 0.050660617
B56: =lns!C13 -> -0.1111327 | C56: 53 | D56: =(C56-0.5)/99 -> 0.53030303 | E56: =NORMSINV(D56) -> 0.076031623
B57: =lns!C27 -> -0.10846087 | C57: 54 | D57: =(C57-0.5)/99 -> 0.54040404 | E57: =NORMSINV(D57) -> 0.10145167
B58: =lns!C58 -> -0.094153549 | C58: 55 | D58: =(C58-0.5)/99 -> 0.55050505 | E58: =NORMSINV(D58) -> 0.12693746
B59: =lns!C68 -> -0.093368267 | C59: 56 | D59: =(C59-0.5)/99 -> 0.56060606 | E59: =NORMSINV(D59) -> 0.15250597
B60: =lns!C100 -> -0.080128211 | C60: 57 | D60: =(C60-0.5)/99 -> 0.57070707 | E60: =NORMSINV(D60) -> 0.1781746
B61: =lns!C5 -> -0.05847693 | C61: 58 | D61: =(C61-0.5)/99 -> 0.58080808 | E61: =NORMSINV(D61) -> 0.20396118
B62: =lns!C84 -> -0.046378026 | C62: 59 | D62: =(C62-0.5)/99 -> 0.59090909 | E62: =NORMSINV(D62) -> 0.22988412
B63: =lns!C63 -> -0.045768584 | C63: 60 | D63: =(C63-0.5)/99 -> 0.6010101 | E63: =NORMSINV(D63) -> 0.25596249
B64: =lns!C52 -> -0.044847796 | C64: 61 | D64: =(C64-0.5)/99 -> 0.61111111 | E64: =NORMSINV(D64) -> 0.28221615
B65: =lns!C92 -> -0.043231144 | C65: 62 | D65: =(C65-0.5)/99 -> 0.62121212 | E65: =NORMSINV(D65) -> 0.30866581
B66: =lns!C55 -> -0.042315818 | C66: 63 | D66: =(C66-0.5)/99 -> 0.63131313 | E66: =NORMSINV(D66) -> 0.33533322
B67: =lns!C12 -> -0.0044739934 | C67: 64 | D67: =(C67-0.5)/99 -> 0.64141414 | E67: =NORMSINV(D67) -> 0.3622413
B68: =lns!C87 -> 0.045193227 | C68: 65 | D68: =(C68-0.5)/99 -> 0.65151515 | E68: =NORMSINV(D68) -> 0.3894143
B69: =lns!C65 -> 0.050189185 | C69: 66 | D69: =(C69-0.5)/99 -> 0.66161616 | E69: =NORMSINV(D69) -> 0.41687796
B70: =lns!C74 -> 0.062664892 | C70: 67 | D70: =(C70-0.5)/99 -> 0.67171717 | E70: =NORMSINV(D70) -> 0.44465976
B71: =lns!C67 -> 0.074188683 | C71: 68 | D71: =(C71-0.5)/99 -> 0.68181818 | E71: =NORMSINV(D71) -> 0.47278912
B72: =lns!C57 -> 0.079541043 | C72: 69 | D72: =(C72-0.5)/99 -> 0.69191919 | E72: =NORMSINV(D72) -> 0.50129771
B73: =lns!C80 -> 0.10784044 | C73: 70 | D73: =(C73-0.5)/99 -> 0.7020202 | E73: =NORMSINV(D73) -> 0.53021973
B74: =lns!C39 -> 0.10946408 | C74: 71 | D74: =(C74-0.5)/99 -> 0.71212121 | E74: =NORMSINV(D74) -> 0.55959227
B75: =lns!C47 -> 0.11472949 | C75: 72 | D75: =(C75-0.5)/99 -> 0.72222222 | E75: =NORMSINV(D75) -> 0.5894558
B76: =lns!C50 -> 0.13349889 | C76: 73 | D76: =(C76-0.5)/99 -> 0.73232323 | E76: =NORMSINV(D76) -> 0.61985457
B77: =lns!C17 -> 0.18472699 | C77: 74 | D77: =(C77-0.5)/99 -> 0.74242424 | E77: =NORMSINV(D77) -> 0.65083731
B78: =lns!C95 -> 0.18918131 | C78: 75 | D78: =(C78-0.5)/99 -> 0.75252525 | E78: =NORMSINV(D78) -> 0.68245784
B79: =lns!C76 -> 0.19468646 | C79: 76 | D79: =(C79-0.5)/99 -> 0.76262626 | E79: =NORMSINV(D79) -> 0.71477599
B80: =lns!C59 -> 0.221382 | C80: 77 | D80: =(C80-0.5)/99 -> 0.77272727 | E80: =NORMSINV(D80) -> 0.74785859
B81: =lns!C102 -> 0.22719932 | C81: 78 | D81: =(C81-0.5)/99 -> 0.78282828 | E81: =NORMSINV(D81) -> 0.78178075
B82: =lns!C11 -> 0.25193313 | C82: 79 | D82: =(C82-0.5)/99 -> 0.79292929 | E82: =NORMSINV(D82) -> 0.81662736
B83: =lns!C23 -> 0.26460022 | C83: 80 | D83: =(C83-0.5)/99 -> 0.8030303 | E83: =NORMSINV(D83) -> 0.85249503
B84: =lns!C78 -> 0.27654023 | C84: 81 | D84: =(C84-0.5)/99 -> 0.81313131 | E84: =NORMSINV(D84) -> 0.88949451
B85: =lns!C75 -> 0.27714677 | C85: 82 | D85: =(C85-0.5)/99 -> 0.82323232 | E85: =NORMSINV(D85) -> 0.92775369
B86: =lns!C77 -> 0.31863553 | C86: 83 | D86: =(C86-0.5)/99 -> 0.83333333 | E86: =NORMSINV(D86) -> 0.96742157
B87: =lns!C51 -> 0.32452978 | C87: 84 | D87: =(C87-0.5)/99 -> 0.84343434 | E87: =NORMSINV(D87) -> 1.0086734
B88: =lns!C86 -> 0.36119272 | C88: 85 | D88: =(C88-0.5)/99 -> 0.85353535 | E88: =NORMSINV(D88) -> 1.0517173
B89: =lns!C16 -> 0.37256995 | C89: 86 | D89: =(C89-0.5)/99 -> 0.86363636 | E89: =NORMSINV(D89) -> 1.0968036
B90: =lns!C88 -> 0.41753201 | C90: 87 | D90: =(C90-0.5)/99 -> 0.87373737 | E90: =NORMSINV(D90) -> 1.1442373
B91: =lns!C7 -> 0.4528066 | C91: 88 | D91: =(C91-0.5)/99 -> 0.88383838 | E91: =NORMSINV(D91) -> 1.1943957
B92: =lns!C99 -> 0.45889844 | C92: 89 | D92: =(C92-0.5)/99 -> 0.89393939 | E92: =NORMSINV(D92) -> 1.2477539
B93: =lns!C14 -> 0.46581989 | C93: 90 | D93: =(C93-0.5)/99 -> 0.9040404 | E93: =NORMSINV(D93) -> 1.3049226
B94: =lns!C79 -> 0.56859818 | C94: 91 | D94: =(C94-0.5)/99 -> 0.91414141 | E94: =NORMSINV(D94) -> 1.366707
B95: =lns!C8 -> 0.61772835 | C95: 92 | D95: =(C95-0.5)/99 -> 0.92424242 | E95: =NORMSINV(D95) -> 1.4342002
B96: =lns!C15 -> 0.61873609 | C96: 93 | D96: =(C96-0.5)/99 -> 0.93434343 | E96: =NORMSINV(D96) -> 1.5089439
B97: =lns!C97 -> 0.67848522 | C97: 94 | D97: =(C97-0.5)/99 -> 0.94444444 | E97: =NORMSINV(D97) -> 1.5932188
B98: =lns!C6 -> 0.7043047 | C98: 95 | D98: =(C98-0.5)/99 -> 0.95454545 | E98: =NORMSINV(D98) -> 1.6906216
B99: =lns!C64 -> 0.71673186 | C99: 96 | D99: =(C99-0.5)/99 -> 0.96464646 | E99: =NORMSINV(D99) -> 1.8073542
B100: =lns!C10 -> 0.78093367 | C100: 97 | D100: =(C100-0.5)/99 -> 0.97474747 | E100: =NORMSINV(D100) -> 1.9556614
B101: =lns!C85 -> 0.82940735 | C101: 98 | D101: =(C101-0.5)/99 -> 0.98484848 | E101: =NORMSINV(D101) -> 2.1661068
B102: =lns!C9 -> 0.88961405 | C102: 99 | D102: =(C102-0.5)/99 -> 0.99494949 | E102: =NORMSINV(D102) -> 2.5723521

Sheet Dec 3 Test
B3: Lns of Dec 3 Sorted | C3: Rank | D3: Rank Proportion | E3: Rank-Based Z Scores
B4: =lns!D21 -> -1.095884 | C4: 1 | D4: =(C4-0.5)/99 -> 0.0050505051 | E4: =NORMSINV(D4) -> -2.5723521
B5: =lns!D41 -> -1.0421119 | C5: 2 | D5: =(C5-0.5)/99 -> 0.015151515 | E5: =NORMSINV(D5) -> -2.1661068
B6: =lns!D42 -> -0.93865905 | C6: 3 | D6: =(C6-0.5)/99 -> 0.025252525 | E6: =NORMSINV(D6) -> -1.9556614
B7: =lns!D94 -> -0.78467931 | C7: 4 | D7: =(C7-0.5)/99 -> 0.035353535 | E7: =NORMSINV(D7) -> -1.8073542
B8: =lns!D29 -> -0.74963923 | C8: 5 | D8: =(C8-0.5)/99 -> 0.045454545 | E8: =NORMSINV(D8) -> -1.6906216
B9: =lns!D31 -> -0.72365175 | C9: 6 | D9: =(C9-0.5)/99 -> 0.055555556 | E9: =NORMSINV(D9) -> -1.5932188
B10: =lns!D26 -> -0.66248995 | C10: 7 | D10: =(C10-0.5)/99 -> 0.065656566 | E10: =NORMSINV(D10) -> -1.5089439
B11: =lns!D40 -> -0.61253356 | C11: 8 | D11: =(C11-0.5)/99 -> 0.075757576 | E11: =NORMSINV(D11) -> -1.4342002
B12: =lns!D28 -> -0.59812068 | C12: 9 | D12: =(C12-0.5)/99 -> 0.085858586 | E12: =NORMSINV(D12) -> -1.366707
B13: =lns!D38 -> -0.59511888 | C13: 10 | D13: =(C13-0.5)/99 -> 0.095959596 | E13: =NORMSINV(D13) -> -1.3049226
B14: =lns!D49 -> -0.58964339 | C14: 11 | D14: =(C14-0.5)/99 -> 0.10606061 | E14: =NORMSINV(D14) -> -1.2477539
B15: =lns!D35 -> -0.56976739 | C15: 12 | D15: =(C15-0.5)/99 -> 0.11616162 | E15: =NORMSINV(D15) -> -1.1943957
B16: =lns!D30 -> -0.56595786 | C16: 13 | D16: =(C16-0.5)/99 -> 0.12626263 | E16: =NORMSINV(D16) -> -1.1442373
B17: =lns!D54 -> -0.5650548 | C17: 14 | D17: =(C17-0.5)/99 -> 0.13636364 | E17: =NORMSINV(D17) -> -1.0968036
B18: =lns!D72 -> -0.53757351 | C18: 15 | D18: =(C18-0.5)/99 -> 0.14646465 | E18: =NORMSINV(D18) -> -1.0517173
B19: =lns!D44 -> -0.53120011 | C19: 16 | D19: =(C19-0.5)/99 -> 0.15656566 | E19: =NORMSINV(D19) -> -1.0086734
B20: =lns!D20 -> -0.53012738 | C20: 17 | D20: =(C20-0.5)/99 -> 0.16666667 | E20: =NORMSINV(D20) -> -0.96742157
B21: =lns!D70 -> -0.52713626 | C21: 18 | D21: =(C21-0.5)/99 -> 0.17676768 | E21: =NORMSINV(D21) -> -0.92775369
B22: =lns!D22 -> -0.51748273 | C22: 19 | D22: =(C22-0.5)/99 -> 0.18686869 | E22: =NORMSINV(D22) -> -0.88949451
B23: =lns!D69 -> -0.51259886 | C23: 20 | D23: =(C23-0.5)/99 -> 0.1969697 | E23: =NORMSINV(D23) -> -0.85249503
B24: =lns!D36 -> -0.49651682 | C24: 21 | D24: =(C24-0.5)/99 -> 0.20707071 | E24: =NORMSINV(D24) -> -0.81662736
B25: =lns!D62 -> -0.4832445 | C25: 22 | D25: =(C25-0.5)/99 -> 0.21717172 | E25: =NORMSINV(D25) -> -0.78178075
B26: =lns!D71 -> -0.46752989 | C26: 23 | D26: =(C26-0.5)/99 -> 0.22727273 | E26: =NORMSINV(D26) -> -0.74785859
B27: =lns!D18 -> -0.42777207 | C27: 24 | D27: =(C27-0.5)/99 -> 0.23737374 | E27: =NORMSINV(D27) -> -0.71477599
B28: =lns!D53 -> -0.42246072 | C28: 25 | D28: =(C28-0.5)/99 -> 0.24747475 | E28: =NORMSINV(D28) -> -0.68245784
B29: =lns!D4 -> -0.41574274 | C29: 26 | D29: =(C29-0.5)/99 -> 0.25757576 | E29: =NORMSINV(D29) -> -0.65083731
B30: =lns!D19 -> -0.40490526 | C30: 27 | D30: =(C30-0.5)/99 -> 0.26767677 | E30: =NORMSINV(D30) -> -0.61985457
B31: =lns!D45 -> -0.39989117 | C31: 28 | D31: =(C31-0.5)/99 -> 0.27777778 | E31: =NORMSINV(D31) -> -0.5894558
B32: =lns!D83 -> -0.36865065 | C32: 29 | D32: =(C32-0.5)/99 -> 0.28787879 | E32: =NORMSINV(D32) -> -0.55959227
B33: =lns!D37 -> -0.36817221 | C33: 30 | D33: =(C33-0.5)/99 -> 0.2979798 | E33: =NORMSINV(D33) -> -0.53021973
B34: =lns!D43 -> -0.35284087 | C34: 31 | D34: =(C34-0.5)/99 -> 0.30808081 | E34: =NORMSINV(D34) -> -0.50129771
B35: =lns!D46 -> -0.350913 | C35: 32 | D35: =(C35-0.5)/99 -> 0.31818182 | E35: =NORMSINV(D35) -> -0.47278912
B36: =lns!D90 -> -0.33973074 | C36: 33 | D36: =(C36-0.5)/99 -> 0.32828283 | E36: =NORMSINV(D36) -> -0.44465976
B37: =lns!D48 -> -0.33528674 | C37: 34 | D37: =(C37-0.5)/99 -> 0.33838384 | E37: =NORMSINV(D37) -> -0.41687796
B38: =lns!D89 -> -0.30942202 | C38: 35 | D38: =(C38-0.5)/99 -> 0.34848485 | E38: =NORMSINV(D38) -> -0.3894143
B39: =lns!D91 -> -0.3008281 | C39: 36 | D39: =(C39-0.5)/99 -> 0.35858586 | E39: =NORMSINV(D39) -> -0.3622413
B40: =lns!D5 -> -0.2862005 | C40: 37 | D40: =(C40-0.5)/99 -> 0.36868687 | E40: =NORMSINV(D40) -> -0.33533322
B41: =lns!D27 -> -0.28438618 | C41: 38 | D41: =(C41-0.5)/99 -> 0.37878788 | E41: =NORMSINV(D41) -> -0.30866581
B42: =lns!D73 -> -0.27432238 | C42: 39 | D42: =(C42-0.5)/99 -> 0.38888889 | E42: =NORMSINV(D42) -> -0.28221615
B43: =lns!D82 -> -0.26891658 | C43: 40 | D43: =(C43-0.5)/99 -> 0.3989899 | E43: =NORMSINV(D43) -> -0.25596249
B44: =lns!D81 -> -0.26654569 | C44: 41 | D44: =(C44-0.5)/99 -> 0.40909091 | E44: =NORMSINV(D44) -> -0.22988412
B45: =lns!D56 -> -0.26599234 | C45: 42 | D45: =(C45-0.5)/99 -> 0.41919192 | E45: =NORMSINV(D45) -> -0.20396118
B46: =lns!D66 -> -0.26223007 | C46: 43 | D46: =(C46-0.5)/99 -> 0.42929293 | E46: =NORMSINV(D46) -> -0.1781746
B47: =lns!D60 -> -0.25842364 | C47: 44 | D47: =(C47-0.5)/99 -> 0.43939394 | E47: =NORMSINV(D47) -> -0.15250597
B48: =lns!D13 -> -0.21781776 | C48: 45 | D48: =(C48-0.5)/99 -> 0.44949495 | E48: =NORMSINV(D48) -> -0.12693746
B49: =lns!D33 -> -0.21774565 | C49: 46 | D49: =(C49-0.5)/99 -> 0.45959596 | E49: =NORMSINV(D49) -> -0.10145167
B50: =lns!D24 -> -0.21638022 | C50: 47 | D50: =(C50-0.5)/99 -> 0.46969697 | E50: =NORMSINV(D50) -> -0.076031623
B51: =lns!D61 -> -0.20815396 | C51: 48 | D51: =(C51-0.5)/99 -> 0.47979798 | E51: =NORMSINV(D51) -> -0.050660617
B52: =lns!D25 -> -0.19258889 | C52: 49 | D52: =(C52-0.5)/99 -> 0.48989899 | E52: =NORMSINV(D52) -> -0.025322183
B53: =lns!D93 -> -0.19115929 | C53: 50 | D53: =(C53-0.5)/99 -> 0.5 | E53: =NORMSINV(D53) -> 0
B54: =lns!D96 -> -0.18032116 | C54: 51 | D54: =(C54-0.5)/99 -> 0.51010101 | E54: =NORMSINV(D54) -> 0.025322183
B55: =lns!D32 -> -0.17494046 | C55: 52 | D55: =(C55-0.5)/99 -> 0.52020202 | E55: =NORMSINV(D55) -> 0.050660617
B56: =lns!D52 -> -0.15773158 | C56: 53 | D56: =(C56-0.5)/99 -> 0.53030303 | E56: =NORMSINV(D56) -> 0.076031623
B57: =lns!D55 -> -0.15541131 | C57: 54 | D57: =(C57-0.5)/99 -> 0.54040404 | E57: =NORMSINV(D57) -> 0.10145167
B58: =lns!D98 -> -0.13233325 | C58: 55 | D58: =(C58-0.5)/99 -> 0.55050505 | E58: =NORMSINV(D58) -> 0.12693746
B59: =lns!D63 -> -0.12480501 | C59: 56 | D59: =(C59-0.5)/99 -> 0.56060606 | E59: =NORMSINV(D59) -> 0.15250597
B60: =lns!D100 -> -0.10910084 | C60: 57 | D60: =(C60-0.5)/99 -> 0.57070707 | E60: =NORMSINV(D60) -> 0.1781746
B61: =lns!D34 -> -0.086893202 | C61: 58 | D61: =(C61-0.5)/99 -> 0.58080808 | E61: =NORMSINV(D61) -> 0.20396118
B62: =lns!D68 -> -0.084155822 | C62: 59 | D62: =(C62-0.5)/99 -> 0.59090909 | E62: =NORMSINV(D62) -> 0.22988412
B63: =lns!D58 -> -0.079719843 | C63: 60 | D63: =(C63-0.5)/99 -> 0.6010101 | E63: =NORMSINV(D63) -> 0.25596249
B64: =lns!D84 -> -0.069660952 | C64: 61 | D64: =(C64-0.5)/99 -> 0.61111111 | E64: =NORMSINV(D64) -> 0.28221615
B65: =lns!D12 -> -0.064419062 | C65: 62 | D65: =(C65-0.5)/99 -> 0.62121212 | E65: =NORMSINV(D65) -> 0.30866581
B66: =lns!D65 -> -0.061635007 | C66: 63 | D66: =(C66-0.5)/99 -> 0.63131313 | E66: =NORMSINV(D66) -> 0.33533322
B67: =lns!D101 -> -0.052515093 | C67: 64 | D67: =(C67-0.5)/99 -> 0.64141414 | E67: =NORMSINV(D67) -> 0.3622413
B68: =lns!D92 -> -0.013413561 | C68: 65 | D68: =(C68-0.5)/99 -> 0.65151515 | E68: =NORMSINV(D68) -> 0.3894143
B69: =lns!D39 -> 0.024868207 | C69: 66 | D69: =(C69-0.5)/99 -> 0.66161616 | E69: =NORMSINV(D69) -> 0.41687796
B70: =lns!D50 -> 0.027838877 | C70: 67 | D70: =(C70-0.5)/99 -> 0.67171717 | E70: =NORMSINV(D70) -> 0.44465976
B71: =lns!D47 -> 0.049504195 | C71: 68 | D71: =(C71-0.5)/99 -> 0.68181818 | E71: =NORMSINV(D71) -> 0.47278912
B72: =lns!D74 -> 0.051329794 | C72: 69 | D72: =(C72-0.5)/99 -> 0.69191919 | E72: =NORMSINV(D72) -> 0.50129771
B73: =lns!D95 -> 0.060652857 | C73: 70 | D73: =(C73-0.5)/99 -> 0.7020202 | E73: =NORMSINV(D73) -> 0.53021973
B74: =lns!D76 -> 0.071948499 | C74: 71 | D74: =(C74-0.5)/99 -> 0.71212121 | E74: =NORMSINV(D74) -> 0.55959227
B75: =lns!D67 -> 0.097353545 | C75: 72 | D75: =(C75-0.5)/99 -> 0.72222222 | E75: =NORMSINV(D75) -> 0.5894558
B76: =lns!D87 -> 0.10426992 | C76: 73 | D76: =(C76-0.5)/99 -> 0.73232323 | E76: =NORMSINV(D76) -> 0.61985457
B77: =lns!D80 -> 0.11589681 | C77: 74 | D77: =(C77-0.5)/99 -> 0.74242424 | E77: =NORMSINV(D77) -> 0.65083731
B78: =lns!D17 -> 0.12387113 | C78: 75 | D78: =(C78-0.5)/99 -> 0.75252525 | E78: =NORMSINV(D78) -> 0.68245784
B79: =lns!D59 -> 0.13321884 | C79: 76 | D79: =(C79-0.5)/99 -> 0.76262626 | E79: =NORMSINV(D79) -> 0.71477599
B80: =lns!D57 -> 0.13575392 | C80: 77 | D80: =(C80-0.5)/99 -> 0.77272727 | E80: =NORMSINV(D80) -> 0.74785859
B81: =lns!D75 -> 0.16360584 | C81: 78 | D81: =(C81-0.5)/99 -> 0.78282828 | E81: =NORMSINV(D81) -> 0.78178075
B82: =lns!D11 -> 0.20039884 | C82: 79 | D82: =(C82-0.5)/99 -> 0.79292929 | E82: =NORMSINV(D82) -> 0.81662736
B83: =lns!D78 -> 0.20068524 | C83: 80 | D83: =(C83-0.5)/99 -> 0.8030303 | E83: =NORMSINV(D83) -> 0.85249503
B84: =lns!D88 -> 0.23945775 | C84: 81 | D84: =(C84-0.5)/99 -> 0.81313131 | E84: =NORMSINV(D84) -> 0.88949451
B85: =lns!D102 -> 0.24219295 | C85: 82 | D85: =(C85-0.5)/99 -> 0.82323232 | E85: =NORMSINV(D85) -> 0.92775369
B86: =lns!D51 -> 0.24231853 | C86: 83 | D86: =(C86-0.5)/99 -> 0.83333333 | E86: =NORMSINV(D86) -> 0.96742157
B87: =lns!D16 -> 0.24457622 | C87: 84 | D87: =(C87-0.5)/99 -> 0.84343434 | E87: =NORMSINV(D87) -> 1.0086734
B88: =lns!D23 -> 0.28018907 | C88: 85 | D88: =(C88-0.5)/99 -> 0.85353535 | E88: =NORMSINV(D88) -> 1.0517173
B89: =lns!D77 -> 0.32920302 | C89: 86 | D89: =(C89-0.5)/99 -> 0.86363636 | E89: =NORMSINV(D89) -> 1.0968036
B90: =lns!D7 -> 0.38954573 | C90: 87 | D90: =(C90-0.5)/99 -> 0.87373737 | E90: =NORMSINV(D90) -> 1.1442373
B91: =lns!D99 -> 0.41424644 | C91: 88 | D91: =(C91-0.5)/99 -> 0.88383838 | E91: =NORMSINV(D91) -> 1.1943957
B92: =lns!D86 -> 0.44486529 | C92: 89 | D92: =(C92-0.5)/99 -> 0.89393939 | E92: =NORMSINV(D92) -> 1.2477539
B93: =lns!D15 -> 0.44844797 | C93: 90 | D93: =(C93-0.5)/99 -> 0.9040404 | E93: =NORMSINV(D93) -> 1.3049226
B94: =lns!D14 -> 0.48943854 | C94: 91 | D94: =(C94-0.5)/99 -> 0.91414141 | E94: =NORMSINV(D94) -> 1.366707
B95: =lns!D79 -> 0.50890578 | C95: 92 | D95: =(C95-0.5)/99 -> 0.92424242 | E95: =NORMSINV(D95) -> 1.4342002
B96: =lns!D8 -> 0.57009215 | C96: 93 | D96: =(C96-0.5)/99 -> 0.93434343 | E96: =NORMSINV(D96) -> 1.5089439
B97: =lns!D64 -> 0.59339314 | C97: 94 | D97: =(C97-0.5)/99 -> 0.94444444 | E97: =NORMSINV(D97) -> 1.5932188
B98: =lns!D97 -> 0.67680436 | C98: 95 | D98: =(C98-0.5)/99 -> 0.95454545 | E98: =NORMSINV(D98) -> 1.6906216
B99: =lns!D85 -> 0.80906626 | C99: 96 | D99: =(C99-0.5)/99 -> 0.96464646 | E99: =NORMSINV(D99) -> 1.8073542
B100: =lns!D6 -> 0.8215404 | C100: 97 | D100: =(C100-0.5)/99 -> 0.97474747 | E100: =NORMSINV(D100) -> 1.9556614
B101: =lns!D10 -> 0.84018692 | C101: 98 | D101: =(C101-0.5)/99 -> 0.98484848 | E101: =NORMSINV(D101) -> 2.1661068
B102: =lns!D9 -> 0.89946192 | C102: 99 | D102: =(C102-0.5)/99 -> 0.99494949 | E102: =NORMSINV(D102) -> 2.5723521

Sheet Dec 4 Test
B3: Lns of Dec 4 Sorted | C3: Rank | D3: Rank Proportion | E3: Rank-Based Z Scores
B4: =lns!E41 -> -1.1022077 | C4: 1 | D4: =(C4-0.5)/99 -> 0.0050505051 | E4: =NORMSINV(D4) -> -2.5723521
B5: =lns!E42 -> -0.88684844 | C5: 2 | D5: =(C5-0.5)/99 -> 0.015151515 | E5: =NORMSINV(D5) -> -2.1661068
B6: =lns!E31 -> -0.85370803 | C6: 3 | D6: =(C6-0.5)/99 -> 0.025252525 | E6: =NORMSINV(D6) -> -1.9556614
B7: =lns!E44 -> -0.80504233 | C7: 4 | D7: =(C7-0.5)/99 -> 0.035353535 | E7: =NORMSINV(D7) -> -1.8073542
B8: =lns!E29 -> -0.80386647 | C8: 5 | D8: =(C8-0.5)/99 -> 0.045454545 | E8: =NORMSINV(D8) -> -1.6906216
B9: =lns!E35 -> -0.76760352 | C9: 6 | D9: =(C9-0.5)/99 -> 0.055555556 | E9: =NORMSINV(D9) -> -1.5932188
B10: =lns!E4 -> -0.75311589 | C10: 7 | D10: =(C10-0.5)/99 -> 0.065656566 | E10: =NORMSINV(D10) -> -1.5089439
B11: =lns!E94 -> -0.7386049 | C11: 8 | D11: =(C11-0.5)/99 -> 0.075757576 | E11: =NORMSINV(D11) -> -1.4342002
B12: =lns!E49 -> -0.72279435 | C12: 9 | D12: =(C12-0.5)/99 -> 0.085858586 | E12: =NORMSINV(D12) -> -1.366707
B13: =lns!E28 -> -0.71639943 | C13: 10 | D13: =(C13-0.5)/99 -> 0.095959596 | E13: =NORMSINV(D13) -> -1.3049226
B14: =lns!E40 -> -0.71459352 | C14: 11 | D14: =(C14-0.5)/99 -> 0.10606061 | E14: =NORMSINV(D14) -> -1.2477539
B15: =lns!E30 -> -0.70387856 | C15: 12 | D15: =(C15-0.5)/99 -> 0.11616162 | E15: =NORMSINV(D15) -> -1.1943957
B16: =lns!E72 -> -0.67508332 | C16: 13 | D16: =(C16-0.5)/99 -> 0.12626263 | E16: =NORMSINV(D16) -> -1.1442373
B17: =lns!E54 -> -0.66406033 | C17: 14 | D17: =(C17-0.5)/99 -> 0.13636364 | E17: =NORMSINV(D17) -> -1.0968036
B18: =lns!E21 -> -0.66302155 | C18: 15 | D18: =(C18-0.5)/99 -> 0.14646465 | E18: =NORMSINV(D18) -> -1.0517173
B19: =lns!E38 -> -0.64990763 | C19: 16 | D19: =(C19-0.5)/99 -> 0.15656566 | E19: =NORMSINV(D19) -> -1.0086734
B20: =lns!E36 -> -0.64310637 | C20: 17 | D20: =(C20-0.5)/99 -> 0.16666667 | E20: =NORMSINV(D20) -> -0.96742157
B21: =lns!E45 -> -0.62038755 | C21: 18 | D21: =(C21-0.5)/99 -> 0.17676768 | E21: =NORMSINV(D21) -> -0.92775369
B22: =lns!E33 -> -0.60621381 | C22: 19 | D22: =(C22-0.5)/99 -> 0.18686869 | E22: =NORMSINV(D22) -> -0.88949451
B23: =lns!E69 -> -0.57668235 | C23: 20 | D23: =(C23-0.5)/99 -> 0.1969697 | E23: =NORMSINV(D23) -> -0.85249503
B24: =lns!E70 -> -0.55375922 | C24: 21 | D24: =(C24-0.5)/99 -> 0.20707071 | E24: =NORMSINV(D24) -> -0.81662736
B25: =lns!E37 -> -0.51876035 | C25: 22 | D25: =(C25-0.5)/99 -> 0.21717172 | E25: =NORMSINV(D25) -> -0.78178075
B26: =lns!E62 -> -0.51394883 | C26: 23 | D26: =(C26-0.5)/99 -> 0.22727273 | E26: =NORMSINV(D26) -> -0.74785859
B27: =lns!E53 -> -0.47560971 | C27: 24 | D27: =(C27-0.5)/99 -> 0.23737374 | E27: =NORMSINV(D27) -> -0.71477599
B28: =lns!E71 -> -0.4510861 | C28: 25 | D28: =(C28-0.5)/99 -> 0.24747475 | E28: =NORMSINV(D28) -> -0.68245784
B29: =lns!E73 -> -0.44649025 | C29: 26 | D29: =(C29-0.5)/99 -> 0.25757576 | E29: =NORMSINV(D29) -> -0.65083731
B30: =lns!E22 -> -0.44074779 | C30: 27 | D30: =(C30-0.5)/99 -> 0.26767677 | E30: =NORMSINV(D30) -> -0.61985457
B31: =lns!E20 -> -0.41716529 | C31: 28 | D31: =(C31-0.5)/99 -> 0.27777778 | E31: =NORMSINV(D31) -> -0.5894558
B32: =lns!E43 -> -0.41215896 | C32: 29 | D32: =(C32-0.5)/99 -> 0.28787879 | E32: =NORMSINV(D32) -> -0.55959227
B33: =lns!E19 -> -0.39745676 | C33: 30 | D33: =(C33-0.5)/99 -> 0.2979798 | E33: =NORMSINV(D33) -> -0.53021973
B34: =lns!E32 -> -0.39096918 | C34: 31 | D34: =(C34-0.5)/99 -> 0.30808081 | E34: =NORMSINV(D34) -> -0.50129771
B35: =lns!E48 -> -0.35839929 | C35: 32 | D35: =(C35-0.5)/99 -> 0.31818182 | E35: =NORMSINV(D35) -> -0.47278912
B36: =lns!E46 -> -0.35752816 | C36: 33 | D36: =(C36-0.5)/99 -> 0.32828283 | E36: =NORMSINV(D36) -> -0.44465976
B37: =lns!E26 -> -0.34994762 | C37: 34 | D37: =(C37-0.5)/99 -> 0.33838384 | E37: =NORMSINV(D37) -> -0.41687796
B38: =lns!E82 -> -0.34902429 | C38: 35 | D38: =(C38-0.5)/99 -> 0.34848485 | E38: =NORMSINV(D38) -> -0.3894143
B39: =lns!E90 -> -0.34794459 | C39: 36 | D39: =(C39-0.5)/99 -> 0.35858586 | E39: =NORMSINV(D39) -> -0.3622413
B40: =lns!E56 -> -0.34381795 | C40: 37 | D40: =(C40-0.5)/99 -> 0.36868687 | E40: =NORMSINV(D40) -> -0.33533322
B41: =lns!E83 -> -0.33491625 | C41: 38 | D41: =(C41-0.5)/99 -> 0.37878788 | E41: =NORMSINV(D41) -> -0.30866581
B42: =lns!E66 -> -0.33269478 | C42: 39 | D42: =(C42-0.5)/99 -> 0.38888889 | E42: =NORMSINV(D42) -> -0.28221615
B43: =lns!E27 -> -0.33157962 | C43: 40 | D43: =(C43-0.5)/99 -> 0.3989899 | E43: =NORMSINV(D43) -> -0.25596249
B44: =lns!E61 -> -0.31783892 | C44: 41 | D44: =(C44-0.5)/99 -> 0.40909091 | E44: =NORMSINV(D44) -> -0.22988412
B45: =lns!E18 -> -0.29943487 | C45: 42 | D45: =(C45-0.5)/99 -> 0.41919192 | E45: =NORMSINV(D45) -> -0.20396118
B46: =lns!E81 -> -0.26880144 | C46: 43 | D46: =(C46-0.5)/99 -> 0.42929293 | E46: =NORMSINV(D46) -> -0.1781746
B47: =lns!E91 -> -0.2605586 | C47: 44 | D47: =(C47-0.5)/99 -> 0.43939394 | E47: =NORMSINV(D47) -> -0.15250597
B48: =lns!E34 -> -0.24828573 | C48: 45 | D48: =(C48-0.5)/99 -> 0.44949495 | E48: =NORMSINV(D48) -> -0.12693746
B49: =lns!E68 -> -0.24044359 | C49: 46 | D49: =(C49-0.5)/99 -> 0.45959596 | E49: =NORMSINV(D49) -> -0.10145167
B50: =lns!E55 -> -0.23112658 | C50: 47 | D50: =(C50-0.5)/99 -> 0.46969697 | E50: =NORMSINV(D50) -> -0.076031623
B51: =lns!E5 -> -0.20491078 | C51: 48 | D51: =(C51-0.5)/99 -> 0.47979798 | E51: =NORMSINV(D51) -> -0.050660617
B52: =lns!E101 -> -0.20325269 | C52: 49 | D52: =(C52-0.5)/99 -> 0.48989899 | E52: =NORMSINV(D52) -> -0.025322183
B53: =lns!E60 -> -0.19393918 | C53: 50 | D53: =(C53-0.5)/99 -> 0.5 | E53: =NORMSINV(D53) -> 0
B54: =lns!E63 -> -0.19062433 | C54: 51 | D54: =(C54-0.5)/99 -> 0.51010101 | E54: =NORMSINV(D54) -> 0.025322183
B55: =lns!E98 -> -0.18582368 | C55: 52 | D55: =(C55-0.5)/99 -> 0.52020202 | E55: =NORMSINV(D55) -> 0.050660617
B56: =lns!E96 -> -0.17990807 | C56: 53 | D56: =(C56-0.5)/99 -> 0.53030303 | E56: =NORMSINV(D56) -> 0.076031623
B57: =lns!E24 -> -0.15463596 | C57: 54 | D57: =(C57-0.5)/99 -> 0.54040404 | E57: =NORMSINV(D57) -> 0.10145167
B58: =lns!E93 -> -0.14680771 | C58: 55 | D58: =(C58-0.5)/99 -> 0.55050505 | E58: =NORMSINV(D58) -> 0.12693746
B59: =lns!E100 -> -0.14648001 | C59: 56 | D59: =(C59-0.5)/99 -> 0.56060606 | E59: =NORMSINV(D59) -> 0.15250597
B60: =lns!E12 -> -0.14382996 | C60: 57 | D60: =(C60-0.5)/99 -> 0.57070707 | E60: =NORMSINV(D60) -> 0.1781746
B61: =lns!E13 -> -0.13420705 | C61: 58 | D61: =(C61-0.5)/99 -> 0.58080808 | E61: =NORMSINV(D61) -> 0.20396118
B62: =lns!E89 -> -0.11984378 | C62: 59 | D62: =(C62-0.5)/99 -> 0.59090909 | E62: =NORMSINV(D62) -> 0.22988412
B63: =lns!E67 -> -0.10070802 | C63: 60 | D63: =(C63-0.5)/99 -> 0.6010101 | E63: =NORMSINV(D63) -> 0.25596249
B64: =lns!E17 -> -0.094621717 | C64: 61 | D64: =(C64-0.5)/99 -> 0.61111111 | E64: =NORMSINV(D64) -> 0.28221615
B65: =lns!E58 -> -0.078420025 | C65: 62 | D65: =(C65-0.5)/99 -> 0.62121212 | E65: =NORMSINV(D65) -> 0.30866581
B66: =lns!E25 -> -0.069190391 | C66: 63 | D66: =(C66-0.5)/99 -> 0.63131313 | E66: =NORMSINV(D66) -> 0.33533322
B67: =lns!E39 -> -0.05805823 | C67: 64 | D67: =(C67-0.5)/99 -> 0.64141414 | E67: =NORMSINV(D67) -> 0.3622413
B68: =lns!E65 -> -0.036412979 | C68: 65 | D68: =(C68-0.5)/99 -> 0.65151515 | E68: =NORMSINV(D68) -> 0.3894143
B69: =lns!E92 -> -0.020748775 | C69: 66 | D69: =(C69-0.5)/99 -> 0.66161616 | E69: =NORMSINV(D69) -> 0.41687796
B70: =lns!E52 -> -0.0079263305 | C70: 67 | D70: =(C70-0.5)/99 -> 0.67171717 | E70: =NORMSINV(D70) -> 0.44465976
B71: =lns!E84 -> 0.0010094903 | C71: 68 | D71: =(C71-0.5)/99 -> 0.68181818 | E71: =NORMSINV(D71) -> 0.47278912
B72: =lns!E50 -> 0.017004599 | C72: 69 | D72: =(C72-0.5)/99 -> 0.69191919 | E72: =NORMSINV(D72) -> 0.50129771
B73: =lns!E74 -> 0.032641425 | C73: 70 | D73: =(C73-0.5)/99 -> 0.7020202 | E73: =NORMSINV(D73) -> 0.53021973
B74: =lns!E47 -> 0.036061883 | C74: 71 | D74: =(C74-0.5)/99 -> 0.71212121 | E74: =NORMSINV(D74) -> 0.55959227
B75: =lns!E80 -> 0.077136952 | C75: 72 | D75: =(C75-0.5)/99 -> 0.72222222 | E75: =NORMSINV(D75) -> 0.5894558
B76: =lns!E95 -> 0.11505042 | C76: 73 | D76: =(C76-0.5)/99 -> 0.73232323 | E76: =NORMSINV(D76) -> 0.61985457
B77: =lns!E76 -> 0.13198395 | C77: 74 | D77: =(C77-0.5)/99 -> 0.74242424 | E77: =NORMSINV(D77) -> 0.65083731
B78: =lns!E59 -> 0.15587491 | C78: 75 | D78: =(C78-0.5)/99 -> 0.75252525 | E78: =NORMSINV(D78) -> 0.68245784
B79: =lns!E102 -> 0.15903587 | C79: 76 | D79: =(C79-0.5)/99 -> 0.76262626 | E79: =NORMSINV(D79) -> 0.71477599
B80: =lns!E16 -> 0.17116792 | C80: 77 | D80: =(C80-0.5)/99 -> 0.77272727 | E80: =NORMSINV(D80) -> 0.74785859
B81: =lns!E57 -> 0.17736764 | C81: 78 | D81: =(C81-0.5)/99 -> 0.78282828 | E81: =NORMSINV(D81) -> 0.78178075
B82: =lns!E78 -> 0.18250487 | C82: 79 | D82: =(C82-0.5)/99 -> 0.79292929 | E82: =NORMSINV(D82) -> 0.81662736
B83: =lns!E87 -> 0.20196077 | C83: 80 | D83: =(C83-0.5)/99 -> 0.8030303 | E83: =NORMSINV(D83) -> 0.85249503
B84: =lns!E11 -> 0.22366342 | C84: 81 | D84: =(C84-0.5)/99 -> 0.81313131 | E84: =NORMSINV(D84) -> 0.88949451
B85: =lns!E7 -> 0.22927671 | C85: 82 | D85: =(C85-0.5)/99 -> 0.82323232 | E85: =NORMSINV(D85) -> 0.92775369
B86: =lns!E23 -> 0.24866314 | C86: 83 | D86: =(C86-0.5)/99 -> 0.83333333 | E86: =NORMSINV(D86) -> 0.96742157
B87: =lns!E51 -> 0.25962976 | C87: 84 | D87: =(C87-0.5)/99 -> 0.84343434 | E87: =NORMSINV(D87) -> 1.0086734
B88: =lns!E99 -> 0.26615706 | C88: 85 | D88: =(C88-0.5)/99 -> 0.85353535 | E88: =NORMSINV(D88) -> 1.0517173
B89: =lns!E77 -> 0.28629862 | C89: 86 | D89: =(C89-0.5)/99 -> 0.86363636 | E89: =NORMSINV(D89) -> 1.0968036
B90: =lns!E75 -> 0.33833479 | C90: 87 | D90: =(C90-0.5)/99 -> 0.87373737 | E90: =NORMSINV(D90) -> 1.1442373
B91: =lns!E88 -> 0.45311176 | C91: 88 | D91: =(C91-0.5)/99 -> 0.88383838 | E91: =NORMSINV(D91) -> 1.1943957
B92: =lns!E79 -> 0.54131797 | C92: 89 | D92: =(C92-0.5)/99 -> 0.89393939 | E92: =NORMSINV(D92) -> 1.2477539
B93: =lns!E14 -> 0.54179508 | C93: 90 | D93: =(C93-0.5)/99 -> 0.9040404 | E93: =NORMSINV(D93) -> 1.3049226
B94: =lns!E15 -> 0.57995609 | C94: 91 | D94: =(C94-0.5)/99 -> 0.91414141 | E94: =NORMSINV(D94) -> 1.366707
B95: =lns!E86 -> 0.58577353 | C95: 92 | D95: =(C95-0.5)/99 -> 0.92424242 | E95: =NORMSINV(D95) -> 1.4342002
B96: =lns!E64 -> 0.59001196 | C96: 93 | D96: =(C96-0.5)/99 -> 0.93434343 | E96: =NORMSINV(D96) -> 1.5089439
B97: =lns!E6 -> 0.59369142 | C97: 94 | D97: =(C97-0.5)/99 -> 0.94444444 | E97: =NORMSINV(D97) -> 1.5932188
B98: =lns!E97 -> 0.80446492 | C98: 95 | D98: =(C98-0.5)/99 -> 0.95454545 | E98: =NORMSINV(D98) -> 1.6906216
B99: =lns!E8 -> 0.80478247 | C99: 96 | D99: =(C99-0.5)/99 -> 0.96464646 | E99: =NORMSINV(D99) -> 1.8073542
B100: =lns!E85 -> 0.93544609 | C100: 97 | D100: =(C100-0.5)/99 -> 0.97474747 | E100: =NORMSINV(D100) -> 1.9556614
B101: =lns!E10 -> 1.1804012 | C101: 98 | D101: =(C101-0.5)/99 -> 0.98484848 | E101: =NORMSINV(D101) -> 2.1661068
B102: =lns!E9 -> 1.2175058 | C102: 99 | D102: =(C102-0.5)/99 -> 0.99494949 | E102: =NORMSINV(D102) -> 2.5723521

Sheet Dec 5 Test
A1: \
B3: Lns of Dec 5 Sorted | C3: Rank | D3: Rank Proportion | E3: Rank-Based Z Scores
B4: =lns!F29 -> -1.0905608 | C4: 1 | D4: =(C4-0.5)/99 -> 0.0050505051 | E4: =NORMSINV(D4) -> -2.5723521
B5: =lns!F41 -> -0.99491195 | C5: 2 | D5: =(C5-0.5)/99 -> 0.015151515 | E5: =NORMSINV(D5) -> -2.1661068
B6: =lns!F54 -> -0.7920199 | C6: 3 | D6: =(C6-0.5)/99 -> 0.025252525 | E6: =NORMSINV(D6) -> -1.9556614
B7: =lns!F42 -> -0.76937833 | C7: 4 | D7: =(C7-0.5)/99 -> 0.035353535 | E7: =NORMSINV(D7) -> -1.8073542
B8: =lns!F21 -> -0.74866623 | C8: 5 | D8: =(C8-0.5)/99 -> 0.045454545 | E8: =NORMSINV(D8) -> -1.6906216
B9: =lns!F26 -> -0.73068707 | C9: 6 | D9: =(C9-0.5)/99 -> 0.055555556 | E9: =NORMSINV(D9) -> -1.5932188
B10: =lns!F30 -> -0.72820664 | C10: 7 | D10: =(C10-0.5)/99 -> 0.065656566 | E10: =NORMSINV(D10) -> -1.5089439
B11: =lns!F72 -> -0.69957781 | C11: 8 | D11: =(C11-0.5)/99 -> 0.075757576 | E11: =NORMSINV(D11) -> -1.4342002
B12: =lns!F49 -> -0.69020751 | C12: 9 | D12: =(C12-0.5)/99 -> 0.085858586 | E12: =NORMSINV(D12) -> -1.366707
B13: =lns!F94 -> -0.68791489 | C13: 10 | D13: =(C13-0.5)/99 -> 0.095959596 | E13: =NORMSINV(D13) -> -1.3049226
B14: =lns!F70 -> -0.66539778 | C14: 11 | D14: =(C14-0.5)/99 -> 0.10606061 | E14: =NORMSINV(D14) -> -1.2477539
B15: =lns!F4 -> -0.66265677 | C15: 12 | D15: =(C15-0.5)/99 -> 0.11616162 | E15: =NORMSINV(D15) -> -1.1943957
B16: =lns!F45 -> -0.65692712 | C16: 13 | D16: =(C16-0.5)/99 -> 0.12626263 | E16: =NORMSINV(D16) -> -1.1442373
B17: =lns!F44 -> -0.6411925 | C17: 14 | D17: =(C17-0.5)/99 -> 0.13636364 | E17: =NORMSINV(D17) -> -1.0968036
B18: =lns!F40 -> -0.63965002 | C18: 15 | D18: =(C18-0.5)/99 -> 0.14646465 | E18: =NORMSINV(D18) -> -1.0517173
B19: =lns!F36 -> -0.59704277 | C19: 16 | D19: =(C19-0.5)/99 -> 0.15656566 | E19: =NORMSINV(D19) -> -1.0086734
B20: =lns!F71 -> -0.59467473 | C20: 17 | D20: =(C20-0.5)/99 -> 0.16666667 | E20: =NORMSINV(D20) -> -0.96742157
B21: =lns!F31 -> -0.590522 | C21: 18 | D21: =(C21-0.5)/99 -> 0.17676768 | E21: =NORMSINV(D21) -> -0.92775369
B22: =lns!F25 -> -0.56764645 | C22: 19 | D22: =(C22-0.5)/99 -> 0.18686869 | E22: =NORMSINV(D22) -> -0.88949451
B23: =lns!F69 -> -0.56459039 | C23: 20 | D23: =(C23-0.5)/99 -> 0.1969697 | E23: =NORMSINV(D23) -> -0.85249503
B24: =lns!F35 -> -0.56180493 | C24: 21 | D24: =(C24-0.5)/99 -> 0.20707071 | E24: =NORMSINV(D24) -> -0.81662736
B25: =lns!F38 -> -0.53145359 | C25: 22 | D25: =(C25-0.5)/99 -> 0.21717172 | E25: =NORMSINV(D25) -> -0.78178075
B26: =lns!F53 -> -0.50009177 | C26: 23 | D26: =(C26-0.5)/99 -> 0.22727273 | E26: =NORMSINV(D26) -> -0.74785859
B27: =lns!F48 -> -0.47906375 | C27: 24 | D27: =(C27-0.5)/99 -> 0.23737374 | E27: =NORMSINV(D27) -> -0.71477599
B28: =lns!F37 -> -0.47463835 | C28: 25 | D28: =(C28-0.5)/99 -> 0.24747475 | E28: =NORMSINV(D28) -> -0.68245784
B29: =lns!F62 -> -0.4639818 | C29: 26 | D29: =(C29-0.5)/99 -> 0.25757576 | E29: =NORMSINV(D29) -> -0.65083731
B30: =lns!F28 -> -0.41846069 | C30: 27 | D30: =(C30-0.5)/99 -> 0.26767677 | E30: =NORMSINV(D30) -> -0.61985457
B31: =lns!F46 -> -0.40174255 | C31: 28 | D31: =(C31-0.5)/99 -> 0.27777778 | E31: =NORMSINV(D31) -> -0.5894558
B32: =lns!F22 -> -0.39488428 | C32: 29 | D32: =(C32-0.5)/99 -> 0.28787879 | E32: =NORMSINV(D32) -> -0.55959227
B33: =lns!F66 -> -0.37463236 | C33: 30 | D33: =(C33-0.5)/99 -> 0.2979798 | E33: =NORMSINV(D33) -> -0.53021973
B34: =lns!F33 -> -0.36689413 | C34: 31 | D34: =(C34-0.5)/99 -> 0.30808081 | E34: =NORMSINV(D34) -> -0.50129771
B35: =lns!F34 -> -0.35002283 | C35: 32 | D35: =(C35-0.5)/99 -> 0.31818182 | E35: =NORMSINV(D35) -> -0.47278912
B36: =lns!F73 -> -0.34160619 | C36: 33 | D36: =(C36-0.5)/99 -> 0.32828283 | E36: =NORMSINV(D36) -> -0.44465976
B37: =lns!F56 -> -0.32927381 | C37: 34 | D37: =(C37-0.5)/99 -> 0.33838384 | E37: =NORMSINV(D37) -> -0.41687796
B38: =lns!F55 -> -0.32289897 | C38: 35 | D38: =(C38-0.5)/99 -> 0.34848485 | E38: =NORMSINV(D38) -> -0.3894143
B39: =lns!F90 -> -0.31720152 | C39: 36 | D39: =(C39-0.5)/99 -> 0.35858586 | E39: =NORMSINV(D39) -> -0.3622413
B40: =lns!F19 -> -0.31626812 | C40: 37 | D40: =(C40-0.5)/99 -> 0.36868687 | E40: =NORMSINV(D40) -> -0.33533322
B41: =lns!F82 -> -0.31191739 | C41: 38 | D41: =(C41-0.5)/99 -> 0.37878788 | E41: =NORMSINV(D41) -> -0.30866581
B42: =lns!F43 -> -0.29815809 | C42: 39 | D42: =(C42-0.5)/99 -> 0.38888889 | E42: =NORMSINV(D42) -> -0.28221615
B43: =lns!F13 -> -0.29130329 | C43: 40 | D43: =(C43-0.5)/99 -> 0.3989899 | E43: =NORMSINV(D43) -> -0.25596249
B44: =lns!F81 -> -0.28700897 | C44: 41 | D44: =(C44-0.5)/99 -> 0.40909091 | E44: =NORMSINV(D44) -> -0.22988412
B45: =lns!F83 -> -0.2778664 | C45: 42 | D45: =(C45-0.5)/99 -> 0.41919192 | E45: =NORMSINV(D45) -> -0.20396118
B46: =lns!F18 -> -0.26702883 | C46: 43 | D46: =(C46-0.5)/99 -> 0.42929293 | E46: =NORMSINV(D46) -> -0.1781746
B47: =lns!F20 -> -0.2606702 | C47: 44 | D47: =(C47-0.5)/99 -> 0.43939394 | E47: =NORMSINV(D47) -> -0.15250597
B48: =lns!F52 -> -0.25739344 | C48: 45 | D48: =(C48-0.5)/99 -> 0.44949495 | E48: =NORMSINV(D48) -> -0.12693746
B49: =lns!F91 -> -0.25474258 | C49: 46 | D49: =(C49-0.5)/99 -> 0.45959596 | E49: =NORMSINV(D49) -> -0.10145167
B50: =lns!F24 -> -0.25216822 | C50: 47 | D50: =(C50-0.5)/99 -> 0.46969697 | E50: =NORMSINV(D50) -> -0.076031623
B51: =lns!F61 -> -0.2183003 | C51: 48 | D51: =(C51-0.5)/99 -> 0.47979798 | E51: =NORMSINV(D51) -> -0.050660617
B52: =lns!F27 -> -0.21735534 | C52: 49 | D52: =(C52-0.5)/99 -> 0.48989899 | E52: =NORMSINV(D52) -> -0.025322183
B53: =lns!F32 -> -0.21594577 | C53: 50 | D53: =(C53-0.5)/99 -> 0.5 | E53: =NORMSINV(D53) -> 0
B54: =lns!F63 -> -0.20747076 | C54: 51 | D54: =(C54-0.5)/99 -> 0.51010101 | E54: =NORMSINV(D54) -> 0.025322183
B55: =lns!F89 -> -0.20335318 | C55: 52 | D55: =(C55-0.5)/99 -> 0.52020202 | E55: =NORMSINV(D55) -> 0.050660617
B56: =lns!F68 -> -0.19870219 | C56: 53 | D56: =(C56-0.5)/99 -> 0.53030303 | E56: =NORMSINV(D56) -> 0.076031623
B57: =lns!F96 -> -0.18872642 | C57: 54 | D57: =(C57-0.5)/99 -> 0.54040404 | E57: =NORMSINV(D57) -> 0.10145167
B58: =lns!F60 -> -0.15593945 | C58: 55 | D58: =(C58-0.5)/99 -> 0.55050505 | E58: =NORMSINV(D58) -> 0.12693746
B59: =lns!F67 -> -0.14534605 | C59: 56 | D59: =(C59-0.5)/99 -> 0.56060606 | E59: =NORMSINV(D59) -> 0.15250597
B60: =lns!F93 -> -0.12692015 | C60: 57 | D60: =(C60-0.5)/99 -> 0.57070707 | E60: =NORMSINV(D60) -> 0.1781746
B61: =lns!F58 -> -0.11971189 | C61: 58 | D61: =(C61-0.5)/99 -> 0.58080808 | E61: =NORMSINV(D61) -> 0.20396118
B62: =lns!F101 -> -0.11847277 | C62: 59 | D62: =(C62-0.5)/99 -> 0.59090909 | E62: =NORMSINV(D62) -> 0.22988412
B63: =lns!F5 -> -0.118206 | C63: 60 | D63: =(C63-0.5)/99 -> 0.6010101 | E63: =NORMSINV(D63) -> 0.25596249
B64: =lns!F100 -> -0.11196226 | C64: 61 | D64: =(C64-0.5)/99 -> 0.61111111 | E64: =NORMSINV(D64) -> 0.28221615
B65: =lns!F80 -> -0.097422108 | C65: 62 | D65: =(C65-0.5)/99 -> 0.62121212 | E65: =NORMSINV(D65) -> 0.30866581
B66: =lns!F98 -> -0.091749128 | C66: 63 | D66: =(C66-0.5)/99 -> 0.63131313 | E66: =NORMSINV(D66) -> 0.33533322
B67: =lns!F65 -> -0.081613608 | C67: 64 | D67: =(C67-0.5)/99 -> 0.64141414 | E67: =NORMSINV(D67) -> 0.3622413
B68: =lns!F12 -> -0.076669404 | C68: 65 | D68: =(C68-0.5)/99 -> 0.65151515 | E68: =NORMSINV(D68) -> 0.3894143
B69: =lns!F47 -> -0.069083233 | C69: 66 | D69: =(C69-0.5)/99 -> 0.66161616 | E69: =NORMSINV(D69) -> 0.41687796
B70: =lns!F50 -> -0.038072652 | C70: 67 | D70: =(C70-0.5)/99 -> 0.67171717 | E70: =NORMSINV(D70) -> 0.44465976
B71: =lns!F74 -> -0.020090469 | C71: 68 | D71: =(C71-0.5)/99 -> 0.68181818 | E71: =NORMSINV(D71) -> 0.47278912
B72: =lns!F39 -> -0.015477156 | C72: 69 | D72: =(C72-0.5)/99 -> 0.69191919 | E72: =NORMSINV(D72) -> 0.50129771
B73: =lns!F92 -> -0.011911663 | C73: 70 | D73: =(C73-0.5)/99 -> 0.7020202 | E73: =NORMSINV(D73) -> 0.53021973
B74: =lns!F59 -> 0.035444361 | C74: 71 | D74: =(C74-0.5)/99 -> 0.71212121 | E74: =NORMSINV(D74) -> 0.55959227
B75: =lns!F76 -> 0.038720588 | C75: 72 | D75: =(C75-0.5)/99 -> 0.72222222 | E75: =NORMSINV(D75) -> 0.5894558
B76: =lns!F95 -> 0.080187313 | C76: 73 | D76: =(C76-0.5)/99 -> 0.73232323 | E76: =NORMSINV(D76) -> 0.61985457
B77: =lns!F102 -> 0.11121037 | C77: 74 | D77: =(C77-0.5)/99 -> 0.74242424 | E77: =NORMSINV(D77) -> 0.65083731
B78: =lns!F7 -> 0.11978104 | C78: 75 | D78: =(C78-0.5)/99 -> 0.75252525 | E78: =NORMSINV(D78) -> 0.68245784
B79: =lns!F17 -> 0.13824775 | C79: 76 | D79: =(C79-0.5)/99 -> 0.76262626 | E79: =NORMSINV(D79) -> 0.71477599
B80: =lns!F51 -> 0.14888541 | C80: 77 | D80: =(C80-0.5)/99 -> 0.77272727 | E80: =NORMSINV(D80) -> 0.74785859
B81: =lns!F57 -> 0.14919557 | C81: 78 | D81: =(C81-0.5)/99 -> 0.78282828 | E81: =NORMSINV(D81) -> 0.78178075
B82: =lns!F84 -> 0.16699639 | C82: 79 | D82: =(C82-0.5)/99 -> 0.79292929 | E82: =NORMSINV(D82) -> 0.81662736
B83: =lns!F78 -> 0.18595661 | C83: 80 | D83: =(C83-0.5)/99 -> 0.8030303 | E83: =NORMSINV(D83) -> 0.85249503
B84: =lns!F87 -> 0.22766929 | C84: 81 | D84: =(C84-0.5)/99 -> 0.81313131 | E84: =NORMSINV(D84) -> 0.88949451
B85: =lns!F75 -> 0.25793138 | C85: 82 | D85: =(C85-0.5)/99 -> 0.82323232 | E85: =NORMSINV(D85) -> 0.92775369
B86: =lns!F23 -> 0.2697981 | C86: 83 | D86: =(C86-0.5)/99 -> 0.83333333 | E86: =NORMSINV(D86) -> 0.96742157
B87: =lns!F77 -> 0.30472354 | C87: 84 | D87: =(C87-0.5)/99 -> 0.84343434 | E87: =NORMSINV(D87) -> 1.0086734
B88: =lns!F99 -> 0.3073744 | C88: 85 | D88: =(C88-0.5)/99 -> 0.85353535 | E88: =NORMSINV(D88) -> 1.0517173
B89: =lns!F16 -> 0.32699172 | C89: 86 | D89: =(C89-0.5)/99 -> 0.86363636 | E89: =NORMSINV(D89) -> 1.0968036
B90: =lns!F79 -> 0.34467422 | C90: 87 | D90: =(C90-0.5)/99 -> 0.87373737 | E90: =NORMSINV(D90) -> 1.1442373
B91: =lns!F88 -> 0.39040561 | C91: 88 | D91: =(C91-0.5)/99 -> 0.88383838 | E91: =NORMSINV(D91) -> 1.1943957
B92: =lns!F14 -> 0.42693954 | C92: 89 | D92: =(C92-0.5)/99 -> 0.89393939 | E92: =NORMSINV(D92) -> 1.2477539
B93: =lns!F11 -> 0.43592965 | C93: 90 | D93: =(C93-0.5)/99 -> 0.9040404 | E93: =NORMSINV(D93) -> 1.3049226
B94: =lns!F6 -> 0.50430239 | C94: 91 | D94: =(C94-0.5)/99 -> 0.91414141 | E94: =NORMSINV(D94) -> 1.366707
B95: =lns!F15 -> 0.54468197 | C95: 92 | D95: =(C95-0.5)/99 -> 0.92424242 | E95: =NORMSINV(D95) -> 1.4342002
B96: =lns!F64 -> 0.55465493 | C96: 93 | D96: =(C96-0.5)/99 -> 0.93434343 | E96: =NORMSINV(D96) -> 1.5089439
B97: =lns!F86 -> 0.62619508 | C97: 94 | D97: =(C97-0.5)/99 -> 0.94444444 | E97: =NORMSINV(D97) -> 1.5932188
B98: =lns!F8 -> 0.79123078 | C98: 95 | D98: =(C98-0.5)/99 -> 0.95454545 | E98: =NORMSINV(D98) -> 1.6906216
B99: =lns!F97 -> 0.8459541 | C99: 96 | D99: =(C99-0.5)/99 -> 0.96464646 | E99: =NORMSINV(D99) -> 1.8073542
B100: =lns!F85 -> 0.98236682 | C100: 97 | D100: =(C100-0.5)/99 -> 0.97474747 | E100: =NORMSINV(D100) -> 1.9556614
B101: =lns!F9 -> 1.1277179 | C101: 98 | D101: =(C101-0.5)/99 -> 0.98484848 | E101: =NORMSINV(D101) -> 2.1661068
...

Sheet Dec 6 Test
B3: Lns of Dec 6 Sorted | C3: Rank | D3: Rank Proportion | E3: Rank-Based Z Scores
B4: =lns!G41 -> -0.94641494 | C4: 1 | D4: =(C4-0.5)/99 -> 0.0050505051 | E4: =NORMSINV(D4) -> -2.5723521
B5: =lns!G54 -> -0.77116278 | C5: 2 | D5: =(C5-0.5)/99 -> 0.015151515 | E5: =NORMSINV(D5) -> -2.1661068
B6: =lns!G72 -> -0.75304582 | C6: 3 | D6: =(C6-0.5)/99 -> 0.025252525 | E6: =NORMSINV(D6) -> -1.9556614
B7: =lns!G42 -> -0.70917494 | C7: 4 | D7: =(C7-0.5)/99 -> 0.035353535 | E7: =NORMSINV(D7) -> -1.8073542
B8: =lns!G35 -> -0.68920297 | C8: 5 | D8: =(C8-0.5)/99 -> 0.045454545 | E8: =NORMSINV(D8) -> -1.6906216
B9: =lns!G4 -> -0.67026303 | C9: 6 | D9: =(C9-0.5)/99 -> 0.055555556 | E9: =NORMSINV(D9) -> -1.5932188
B10: =lns!G49 -> -0.66800394 | C10: 7 | D10: =(C10-0.5)/99 -> 0.065656566 | E10: =NORMSINV(D10) -> -1.5089439
B11: =lns!G70 -> -0.65712581 | C11: 8 | D11: =(C11-0.5)/99 -> 0.075757576 | E11: =NORMSINV(D11) -> -1.4342002
B12: =lns!G94 -> -0.65630044 | C12: 9 | D12: =(C12-0.5)/99 -> 0.085858586 | E12: =NORMSINV(D12) -> -1.366707
B13: =lns!G38 -> -0.64001977 | C13: 10 | D13: =(C13-0.5)/99 -> 0.095959596 | E13: =NORMSINV(D13) -> -1.3049226
B14: =lns!G21 -> -0.62800946 | C14: 11 | D14: =(C14-0.5)/99 -> 0.10606061 | E14: =NORMSINV(D14) -> -1.2477539
B15: =lns!G30 -> -0.61001816 | C15: 12 | D15: =(C15-0.5)/99 -> 0.11616162 | E15: =NORMSINV(D15) -> -1.1943957
B16: =lns!G69 -> -0.59288022 | C16: 13 | D16: =(C16-0.5)/99 -> 0.12626263 | E16: =NORMSINV(D16) -> -1.1442373
B17: =lns!G44 -> -0.58294122 | C17: 14 | D17: =(C17-0.5)/99 -> 0.13636364 | E17: =NORMSINV(D17) -> -1.0968036
B18: =lns!G29 -> -0.57281806 | C18: 15 | D18: =(C18-0.5)/99 -> 0.14646465 | E18: =NORMSINV(D18) -> -1.0517173
B19: =lns!G45 -> -0.5722809 | C19: 16 | D19: =(C19-0.5)/99 -> 0.15656566 | E19: =NORMSINV(D19) -> -1.0086734
B20: =lns!G31 -> -0.5503065 | C20: 17 | D20: =(C20-0.5)/99 -> 0.16666667 | E20: =NORMSINV(D20) -> -0.96742157
B21: =lns!G36 -> -0.53695573 | C21: 18 | D21: =(C21-0.5)/99 -> 0.17676768 | E21: =NORMSINV(D21) -> -0.92775369
B22: =lns!G71 -> -0.53635884 | C22: 19 | D22: =(C22-0.5)/99 -> 0.18686869 | E22: =NORMSINV(D22) -> -0.88949451
B23: =lns!G33 -> -0.52578699 | C23: 20 | D23: =(C23-0.5)/99 -> 0.1969697 | E23: =NORMSINV(D23) -> -0.85249503
B24: =lns!G62 -> -0.52501921 | C24: 21 | D24: =(C24-0.5)/99 -> 0.20707071 | E24: =NORMSINV(D24) -> -0.81662736
B25: =lns!G24 -> -0.50461329 | C25: 22 | D25: =(C25-0.5)/99 -> 0.21717172 | E25: =NORMSINV(D25) -> -0.78178075
B26: =lns!G26 -> -0.48681129 | C26: 23 | D26: =(C26-0.5)/99 -> 0.22727273 | E26: =NORMSINV(D26) -> -0.74785859
B27: =lns!G40 -> -0.47679464 | C27: 24 | D27: =(C27-0.5)/99 -> 0.23737374 | E27: =NORMSINV(D27) -> -0.71477599
B28: =lns!G55 -> -0.47355392 | C28: 25 | D28: =(C28-0.5)/99 -> 0.24747475 | E28: =NORMSINV(D28) -> -0.68245784
B29: =lns!G48 -> -0.47000683 | C29: 26 | D29: =(C29-0.5)/99 -> 0.25757576 | E29: =NORMSINV(D29) -> -0.65083731
B30: =lns!G56 -> -0.46749638 | C30: 27 | D30: =(C30-0.5)/99 -> 0.26767677 | E30: =NORMSINV(D30) -> -0.61985457
B31: =lns!G37 -> -0.46338717 | C31: 28 | D31: =(C31-0.5)/99 -> 0.27777778 | E31: =NORMSINV(D31) -> -0.5894558
B32: =lns!G53 -> -0.45295931 | C32: 29 | D32: =(C32-0.5)/99 -> 0.28787879 | E32: =NORMSINV(D32) -> -0.55959227
B33: =lns!G34 -> -0.45157449 | C33: 30 | D33: =(C33-0.5)/99 -> 0.2979798 | E33: =NORMSINV(D33) -> -0.53021973
B34: =lns!G22 -> -0.44227329 | C34: 31 | D34: =(C34-0.5)/99 -> 0.30808081 | E34: =NORMSINV(D34) -> -0.50129771
B35: =lns!G73 -> -0.41050981 | C35: 32 | D35: =(C35-0.5)/99 -> 0.31818182 | E35: =NORMSINV(D35) -> -0.47278912
B36: =lns!G28 -> -0.37736903 | C36: 33 | D36: =(C36-0.5)/99 -> 0.32828283 | E36: =NORMSINV(D36) -> -0.44465976
B37: =lns!G83 -> -0.35764112 | C37: 34 | D37: =(C37-0.5)/99 -> 0.33838384 | E37: =NORMSINV(D37) -> -0.41687796
B38: =lns!G32 -> -0.33124254 | C38: 35 | D38: =(C38-0.5)/99 -> 0.34848485 | E38: =NORMSINV(D38) -> -0.3894143
B39: =lns!G5 -> -0.3287666 | C39: 36 | D39: =(C39-0.5)/99 -> 0.35858586 | E39: =NORMSINV(D39) -> -0.3622413
B40: =lns!G90 -> -0.32724514 | C40: 37 | D40: =(C40-0.5)/99 -> 0.36868687 | E40: =NORMSINV(D40) -> -0.33533322
B41: =lns!G61 -> -0.31750918 | C41: 38 | D41: =(C41-0.5)/99 -> 0.37878788 | E41: =NORMSINV(D41) -> -0.30866581
B42: =lns!G96 -> -0.31384263 | C42: 39 | D42: =(C42-0.5)/99 -> 0.38888889 | E42: =NORMSINV(D42) -> -0.28221615
B43: =lns!G82 -> -0.30581617 | C43: 40 | D43: =(C43-0.5)/99 -> 0.3989899 | E43: =NORMSINV(D43) -> -0.25596249
B44: =lns!G66 -> -0.29694753 | C44: 41 | D44: =(C44-0.5)/99 -> 0.40909091 | E44: =NORMSINV(D44) -> -0.22988412
B45: =lns!G46 -> -0.2840075 | C45: 42 | D45: =(C45-0.5)/99 -> 0.41919192 | E45: =NORMSINV(D45) -> -0.20396118
B46: =lns!G91 -> -0.27739253 | C46: 43 | D46: =(C46-0.5)/99 -> 0.42929293 | E46: =NORMSINV(D46) -> -0.1781746
B47: =lns!G58 -> -0.27462897 | C47: 44 | D47: =(C47-0.5)/99 -> 0.43939394 | E47: =NORMSINV(D47) -> -0.15250597
B48: =lns!G52 -> -0.27260169 | C48: 45 | D48: =(C48-0.5)/99 -> 0.44949495 | E48: =NORMSINV(D48) -> -0.12693746
B49: =lns!G63 -> -0.25750987 | C49: 46 | D49: =(C49-0.5)/99 -> 0.45959596 | E49: =NORMSINV(D49) -> -0.10145167
B50: =lns!G60 -> -0.24103261 | C50: 47 | D50: =(C50-0.5)/99 -> 0.46969697 | E50: =NORMSINV(D50) -> -0.076031623
B51: =lns!G68 -> -0.23853515 | C51: 48 | D51: =(C51-0.5)/99 -> 0.47979798 | E51: =NORMSINV(D51) -> -0.050660617
B52: =lns!G81 -> -0.23661134 | C52: 49 | D52: =(C52-0.5)/99 -> 0.48989899 | E52: =NORMSINV(D52) -> -0.025322183
B53: =lns!G43 -> -0.21769219 | C53: 50 | D53: =(C53-0.5)/99 -> 0.5 | E53: =NORMSINV(D53) -> 0
B54: =lns!G25 -> -0.20172581 | C54: 51 | D54: =(C54-0.5)/99 -> 0.51010101 | E54: =NORMSINV(D54) -> 0.025322183
B55: =lns!G101 -> -0.18907068 | C55: 52 | D55: =(C55-0.5)/99 -> 0.52020202 | E55: =NORMSINV(D55) -> 0.050660617
B56: =lns!G65 -> -0.18117062 | C56: 53 | D56: =(C56-0.5)/99 -> 0.53030303 | E56: =NORMSINV(D56) -> 0.076031623
B57: =lns!G20 -> -0.15064384 | C57: 54 | D57: =(C57-0.5)/99 -> 0.54040404 | E57: =NORMSINV(D57) -> 0.10145167
B58: =lns!G67 -> -0.14202796 | C58: 55 | D58: =(C58-0.5)/99 -> 0.55050505 | E58: =NORMSINV(D58) -> 0.12693746
B59: =lns!G27 -> -0.13464058 | C59: 56 | D59: =(C59-0.5)/99 -> 0.56060606 | E59: =NORMSINV(D59) -> 0.15250597
B60: =lns!G93 -> -0.1170969 | C60: 57 | D60: =(C60-0.5)/99 -> 0.57070707 | E60: =NORMSINV(D60) -> 0.1781746
B61: =lns!G19 -> -0.1131519 | C61: 58 | D61: =(C61-0.5)/99 -> 0.58080808 | E61: =NORMSINV(D61) -> 0.20396118
B62: =lns!G76 -> -0.10903615 | C62: 59 | D62: =(C62-0.5)/99 -> 0.59090909 | E62: =NORMSINV(D62) -> 0.22988412
B63: =lns!G89 -> -0.096645271 | C63: 60 | D63: =(C63-0.5)/99 -> 0.6010101 | E63: =NORMSINV(D63) -> 0.25596249
B64: =lns!G100 -> -0.094500807 | C64: 61 | D64: =(C64-0.5)/99 -> 0.61111111 | E64: =NORMSINV(D64) -> 0.28221615
B65: =lns!G18 -> -0.082959959 | C65: 62 | D65: =(C65-0.5)/99 -> 0.62121212 | E65: =NORMSINV(D65) -> 0.30866581
B66: =lns!G47 -> -0.060488069 | C66: 63 | D66: =(C66-0.5)/99 -> 0.63131313 | E66: =NORMSINV(D66) -> 0.33533322
B67: =lns!G59 -> -0.060020742 | C67: 64 | D67: =(C67-0.5)/99 -> 0.64141414 | E67: =NORMSINV(D67) -> 0.3622413
B68: =lns!G95 -> -0.050448388 | C68: 65 | D68: =(C68-0.5)/99 -> 0.65151515 | E68: =NORMSINV(D68) -> 0.3894143
B69: =lns!G57 -> -0.050184436 | C69: 66 | D69: =(C69-0.5)/99 -> 0.66161616 | E69: =NORMSINV(D69) -> 0.41687796
B70: =lns!G74 -> -0.038973704 | C70: 67 | D70: =(C70-0.5)/99 -> 0.67171717 | E70: =NORMSINV(D70) -> 0.44465976
B71: =lns!G23 -> -0.026364509 | C71: 68 | D71: =(C71-0.5)/99 -> 0.68181818 | E71: =NORMSINV(D71) -> 0.47278912
B72: =lns!G50 -> -0.015370524 | C72: 69 | D72: =(C72-0.5)/99 -> 0.69191919 | E72: =NORMSINV(D72) -> 0.50129771
B73: =lns!G92 -> 0.0053158458 | C73: 70 | D73: =(C73-0.5)/99 -> 0.7020202 | E73: =NORMSINV(D73) -> 0.53021973
B74: =lns!G80 -> 0.024097313 | C74: 71 | D74: =(C74-0.5)/99 -> 0.71212121 | E74: =NORMSINV(D74) -> 0.55959227
B75: =lns!G98 -> 0.032244513 | C75: 72 | D75: =(C75-0.5)/99 -> 0.72222222 | E75: =NORMSINV(D75) -> 0.5894558
B76: =lns!G84 -> 0.041228312 | C76: 73 | D76: =(C76-0.5)/99 -> 0.73232323 | E76: =NORMSINV(D76) -> 0.61985457
B77: =lns!G78 -> 0.049380466 | C77: 74 | D77: =(C77-0.5)/99 -> 0.74242424 | E77: =NORMSINV(D77) -> 0.65083731
B78: =lns!G51 -> 0.066190281 | C78: 75 | D78: =(C78-0.5)/99 -> 0.75252525 | E78: =NORMSINV(D78) -> 0.68245784
B79: =lns!G13 -> 0.072757775 | C79: 76 | D79: =(C79-0.5)/99 -> 0.76262626 | E79: =NORMSINV(D79) -> 0.71477599
B80: =lns!G39 -> 0.080860834 | C80: 77 | D80: =(C80-0.5)/99 -> 0.77272727 | E80: =NORMSINV(D80) -> 0.74785859
B81: =lns!G77 -> 0.088898761 | C81: 78 | D81: =(C81-0.5)/99 -> 0.78282828 | E81: =NORMSINV(D81) -> 0.78178075
B82: =lns!G102 -> 0.10088552 | C82: 79 | D82: =(C82-0.5)/99 -> 0.79292929 | E82: =NORMSINV(D82) -> 0.81662736
B83: =lns!G12 -> 0.11066443 | C83: 80 | D83: =(C83-0.5)/99 -> 0.8030303 | E83: =NORMSINV(D83) -> 0.85249503
B84: =lns!G17 -> 0.17062003 | C84: 81 | D84: =(C84-0.5)/99 -> 0.81313131 | E84: =NORMSINV(D84) -> 0.88949451
B85: =lns!G75 -> 0.18306295 | C85: 82 | D85: =(C85-0.5)/99 -> 0.82323232 | E85: =NORMSINV(D85) -> 0.92775369
B86: =lns!G87 -> 0.21582081 | C86: 83 | D86: =(C86-0.5)/99 -> 0.83333333 | E86: =NORMSINV(D86) -> 0.96742157
B87: =lns!G99 -> 0.31854827 | C87: 84 | D87: =(C87-0.5)/99 -> 0.84343434 | E87: =NORMSINV(D87) -> 1.0086734
B88: =lns!G16 -> 0.32016136 | C88: 85 | D88: =(C88-0.5)/99 -> 0.85353535 | E88: =NORMSINV(D88) -> 1.0517173
B89: =lns!G14 -> 0.3225544 | C89: 86 | D89: =(C89-0.5)/99 -> 0.86363636 | E89: =NORMSINV(D89) -> 1.0968036
B90: =lns!G7 -> 0.32525239 | C90: 87 | D90: =(C90-0.5)/99 -> 0.87373737 | E90: =NORMSINV(D90) -> 1.1442373
B91: =lns!G64 -> 0.34486549 | C91: 88 | D91: =(C91-0.5)/99 -> 0.88383838 | E91: =NORMSINV(D91) -> 1.1943957
B92: =lns!G15 -> 0.40685081 | C92: 89 | D92: =(C92-0.5)/99 -> 0.89393939 | E92: =NORMSINV(D92) -> 1.2477539
B93: =lns!G79 -> 0.45594274 | C93: 90 | D93: =(C93-0.5)/99 -> 0.9040404 | E93: =NORMSINV(D93) -> 1.3049226
B94: =lns!G88 -> 0.52294588 | C94: 91 | D94: =(C94-0.5)/99 -> 0.91414141 | E94: =NORMSINV(D94) -> 1.366707
B95: =lns!G6 -> 0.5653479 | C95: 92 | D95: =(C95-0.5)/99 -> 0.92424242 | E95: =NORMSINV(D95) -> 1.4342002
B96: =lns!G11 -> 0.56771433 | C96: 93 | D96: =(C96-0.5)/99 -> 0.93434343 | E96: =NORMSINV(D96) -> 1.5089439
B97: =lns!G86 -> 0.71474232 | C97: 94 | D97: =(C97-0.5)/99 -> 0.94444444 | E97: =NORMSINV(D97) -> 1.5932188
B98: =lns!G97 -> 0.82411404 | C98: 95 | D98: =(C98-0.5)/99 -> 0.95454545 | E98: =NORMSINV(D98) -> 1.6906216
B99: =lns!G8 -> 0.92554775 | C99: 96 | D99: =(C99-0.5)/99 -> 0.96464646 | E99: =NORMSINV(D99) -> 1.8073542
B100: =lns!G85 -> 0.9345667 | C100: 97 | D100: =(C100-0.5)/99 -> 0.97474747 | E100: =NORMSINV(D100) -> 1.9556614
B101: =lns!G10 -> 1.1974949 | C101: 98 | D101: =(C101-0.5)/99 -> 0.98484848 | E101: =NORMSINV(D101) -> 2.1661068
B102: =lns!G9 -> 1.3545044 | C102: 99 | D102: =(C102-0.5)/99 -> 0.99494949 | E102: =NORMSINV(D102) -> 2.5723521

Sheet Dec 7 Test
B3: Lns of Dec 7 Sorted | C3: Rank | D3: Rank Proportion | E3: Rank-Based Z Scores
B4: =lns!H41 -> -0.99859683 | C4: 1 | D4: =(C4-0.5)/99 -> 0.0050505051 | E4: =NORMSINV(D4) -> -2.5723521
B5: =lns!H38 -> -0.75154354 | C5: 2 | D5: =(C5-0.5)/99 -> 0.015151515 | E5: =NORMSINV(D5) -> -2.1661068
B6: =lns!H54 -> -0.74929223 | C6: 3 | D6: =(C6-0.5)/99 -> 0.025252525 | E6: =NORMSINV(D6) -> -1.9556614
B7: =lns!H72 -> -0.73033412 | C7: 4 | D7: =(C7-0.5)/99 -> 0.035353535 | E7: =NORMSINV(D7) -> -1.8073542
B8: =lns!H69 -> -0.70495057 | C8: 5 | D8: =(C8-0.5)/99 -> 0.045454545 | E8: =NORMSINV(D8) -> -1.6906216
B9: =lns!H94 -> -0.69064033 | C9: 6 | D9: =(C9-0.5)/99 -> 0.055555556 | E9: =NORMSINV(D9) -> -1.5932188
B10: =lns!H42 -> -0.65716633 | C10: 7 | D10: =(C10-0.5)/99 -> 0.065656566 | E10: =NORMSINV(D10) -> -1.5089439
B11: =lns!H49 -> -0.65509253 | C11: 8 | D11: =(C11-0.5)/99 -> 0.075757576 | E11: =NORMSINV(D11) -> -1.4342002
B12: =lns!H70 -> -0.64548146 | C12: 9 | D12: =(C12-0.5)/99 -> 0.085858586 | E12: =NORMSINV(D12) -> -1.366707
B13: =lns!H29 -> -0.63142387 | C13: 10 | D13: =(C13-0.5)/99 -> 0.095959596 | E13: =NORMSINV(D13) -> -1.3049226
B14: =lns!H40 -> -0.5984863 | C14: 11 | D14: =(C14-0.5)/99 -> 0.10606061 | E14: =NORMSINV(D14) -> -1.2477539
B15: =lns!H31 -> -0.59744435 | C15: 12 | D15: =(C15-0.5)/99 -> 0.11616162 | E15: =NORMSINV(D15) -> -1.1943957
B16: =lns!H44 -> -0.56395218 | C16: 13 | D16: =(C16-0.5)/99 -> 0.12626263 | E16: =NORMSINV(D16) -> -1.1442373
B17: =lns!H55 -> -0.55329307 | C17: 14 | D17: =(C17-0.5)/99 -> 0.13636364 | E17: =NORMSINV(D17) -> -1.0968036
B18: =lns!H35 -> -0.5397465 | C18: 15 | D18: =(C18-0.5)/99 -> 0.14646465 | E18: =NORMSINV(D18) -> -1.0517173
B19: =lns!H62 -> -0.53111677 | C19: 16 | D19: =(C19-0.5)/99 -> 0.15656566 | E19: =NORMSINV(D19) -> -1.0086734
B20: =lns!H71 -> -0.51732168 | C20: 17 | D20: =(C20-0.5)/99 -> 0.16666667 | E20: =NORMSINV(D20) -> -0.96742157
B21: =lns!H45 -> -0.50872783 | C21: 18 | D21: =(C21-0.5)/99 -> 0.17676768 | E21: =NORMSINV(D21) -> -0.92775369
B22: =lns!H30 -> -0.4724819 | C22: 19 | D22: =(C22-0.5)/99 -> 0.18686869 | E22: =NORMSINV(D22) -> -0.88949451
B23: =lns!H4 -> -0.47194792 | C23: 20 | D23: =(C23-0.5)/99 -> 0.1969697 | E23: =NORMSINV(D23) -> -0.85249503
B24: =lns!H37 -> -0.46585066 | C24: 21 | D24: =(C24-0.5)/99 -> 0.20707071 | E24: =NORMSINV(D24) -> -0.81662736
B25: =lns!H56 -> -0.46326955 | C25: 22 | D25: =(C25-0.5)/99 -> 0.21717172 | E25: =NORMSINV(D25) -> -0.78178075
B26: =lns!H48 -> -0.46289932 | C26: 23 | D26: =(C26-0.5)/99 -> 0.22727273 | E26: =NORMSINV(D26) -> -0.74785859
B27: =lns!H73 -> -0.4258811 | C27: 24 | D27: =(C27-0.5)/99 -> 0.23737374 | E27: =NORMSINV(D27) -> -0.71477599
B28: =lns!H5 -> -0.42158382 | C28: 25 | D28: =(C28-0.5)/99 -> 0.24747475 | E28: =NORMSINV(D28) -> -0.68245784
B29: =lns!H36 -> -0.41987341 | C29: 26 | D29: =(C29-0.5)/99 -> 0.25757576 | E29: =NORMSINV(D29) -> -0.65083731
B30: =lns!H53 -> -0.38443382 | C30: 27 | D30: =(C30-0.5)/99 -> 0.26767677 | E30: =NORMSINV(D30) -> -0.61985457
B31: =lns!H46 -> -0.37861093 | C31: 28 | D31: =(C31-0.5)/99 -> 0.27777778 | E31: =NORMSINV(D31) -> -0.5894558
B32: =lns!H83 -> -0.37544137 | C32: 29 | D32: =(C32-0.5)/99 -> 0.28787879 | E32: =NORMSINV(D32) -> -0.55959227
B33: =lns!H61 -> -0.3734041 | C33: 30 | D33: =(C33-0.5)/99 -> 0.2979798 | E33: =NORMSINV(D33) -> -0.53021973
B34: =lns!H82 -> -0.36798437 | C34: 31 | D34: =(C34-0.5)/99 -> 0.30808081 | E34: =NORMSINV(D34) -> -0.50129771
B35: =lns!H66 -> -0.33713285 | C35: 32 | D35: =(C35-0.5)/99 -> 0.31818182 | E35: =NORMSINV(D35) -> -0.47278912
B36: =lns!H89 -> -0.31630105 | C36: 33 | D36: =(C36-0.5)/99 -> 0.32828283 | E36: =NORMSINV(D36) -> -0.44465976
B37: =lns!H90 -> -0.30489877 | C37: 34 | D37: =(C37-0.5)/99 -> 0.33838384 | E37: =NORMSINV(D37) -> -0.41687796
B38: =lns!H26 -> -0.2923034 | C38: 35 | D38: =(C38-0.5)/99 -> 0.34848485 | E38: =NORMSINV(D38) -> -0.3894143
B39: =lns!H81 -> -0.28776208 | C39: 36 | D39: =(C39-0.5)/99 -> 0.35858586 | E39: =NORMSINV(D39) -> -0.3622413
B40: =lns!H58 -> -0.28061643 | C40: 37 | D40: =(C40-0.5)/99 -> 0.36868687 | E40: =NORMSINV(D40) -> -0.33533322
B41: =lns!H60 -> -0.27257411 | C41: 38 | D41: =(C41-0.5)/99 -> 0.37878788 | E41: =NORMSINV(D41) -> -0.30866581
B42: =lns!H24 -> -0.27198722 | C42: 39 | D42: =(C42-0.5)/99 -> 0.38888889 | E42: =NORMSINV(D42) -> -0.28221615
B43: =lns!H68 -> -0.26899117 | C43: 40 | D43: =(C43-0.5)/99 -> 0.3989899 | E43: =NORMSINV(D43) -> -0.25596249
B44: =lns!H28 -> -0.26597016 | C44: 41 | D44: =(C44-0.5)/99 -> 0.40909091 | E44: =NORMSINV(D44) -> -0.22988412
B45: =lns!H33 -> -0.25635009 | C45: 42 | D45: =(C45-0.5)/99 -> 0.41919192 | E45: =NORMSINV(D45) -> -0.20396118
B46: =lns!H91 -> -0.21354105 | C46: 43 | D46: =(C46-0.5)/99 -> 0.42929293 | E46: =NORMSINV(D46) -> -0.1781746
B47: =lns!H43 -> -0.21037294 | C47: 44 | D47: =(C47-0.5)/99 -> 0.43939394 | E47: =NORMSINV(D47) -> -0.15250597
B48: =lns!H21 -> -0.20993862 | C48: 45 | D48: =(C48-0.5)/99 -> 0.44949495 | E48: =NORMSINV(D48) -> -0.12693746
B49: =lns!H96 -> -0.19576674 | C49: 46 | D49: =(C49-0.5)/99 -> 0.45959596 | E49: =NORMSINV(D49) -> -0.10145167
B50: =lns!H22 -> -0.16638876 | C50: 47 | D50: =(C50-0.5)/99 -> 0.46969697 | E50: =NORMSINV(D50) -> -0.076031623
B51: =lns!H52 -> -0.16053736 | C51: 48 | D51: =(C51-0.5)/99 -> 0.47979798 | E51: =NORMSINV(D51) -> -0.050660617
B52: =lns!H101 -> -0.15994812 | C52: 49 | D52: =(C52-0.5)/99 -> 0.48989899 | E52: =NORMSINV(D52) -> -0.025322183
B53: =lns!H39 -> -0.13886674 | C53: 50 | D53: =(C53-0.5)/99 -> 0.5 | E53: =NORMSINV(D53) -> 0
B54: =lns!H63 -> -0.12587847 | C54: 51 | D54: =(C54-0.5)/99 -> 0.51010101 | E54: =NORMSINV(D54) -> 0.025322183
B55: =lns!H100 -> -0.12041775 | C55: 52 | D55: =(C55-0.5)/99 -> 0.52020202 | E55: =NORMSINV(D55) -> 0.050660617
B56: =lns!H74 -> -0.11504167 | C56: 53 | D56: =(C56-0.5)/99 -> 0.53030303 | E56: =NORMSINV(D56) -> 0.076031623
B57: =lns!H19 -> -0.10563389 | C57: 54 | D57: =(C57-0.5)/99 -> 0.54040404 | E57: =NORMSINV(D57) -> 0.10145167
B58: =lns!H50 -> -0.10343348 | C58: 55 | D58: =(C58-0.5)/99 -> 0.55050505 | E58: =NORMSINV(D58) -> 0.12693746
B59: =lns!H65 -> -0.10188545 | C59: 56 | D59: =(C59-0.5)/99 -> 0.56060606 | E59: =NORMSINV(D59) -> 0.15250597
B60: =lns!H47 -> -0.1000502 | C60: 57 | D60: =(C60-0.5)/99 -> 0.57070707 | E60: =NORMSINV(D60) -> 0.1781746
B61: =lns!H34 -> -0.097610624 | C61: 58 | D61: =(C61-0.5)/99 -> 0.58080808 | E61: =NORMSINV(D61) -> 0.20396118
B62: =lns!H67 -> -0.089269561 | C62: 59 | D62: =(C62-0.5)/99 -> 0.59090909 | E62: =NORMSINV(D62) -> 0.22988412
B63: =lns!H32 -> -0.073157962 | C63: 60 | D63: =(C63-0.5)/99 -> 0.6010101 | E63: =NORMSINV(D63) -> 0.25596249
B64: =lns!H27 -> -0.072233115 | C64: 61 | D64: =(C64-0.5)/99 -> 0.61111111 | E64: =NORMSINV(D64) -> 0.28221615
B65: =lns!H57 -> -0.068169639 | C65: 62 | D65: =(C65-0.5)/99 -> 0.62121212 | E65: =NORMSINV(D65) -> 0.30866581
B66: =lns!H95 -> -0.061704142 | C66: 63 | D66: =(C66-0.5)/99 -> 0.63131313 | E66: =NORMSINV(D66) -> 0.33533322
B67: =lns!H93 -> -0.059659775 | C67: 64 | D67: =(C67-0.5)/99 -> 0.64141414 | E67: =NORMSINV(D67) -> 0.3622413
B68: =lns!H25 -> -0.051539641 | C68: 65 | D68: =(C68-0.5)/99 -> 0.65151515 | E68: =NORMSINV(D68) -> 0.3894143
B69: =lns!H76 -> -0.047236272 | C69: 66 | D69: =(C69-0.5)/99 -> 0.66161616 | E69: =NORMSINV(D69) -> 0.41687796
B70: =lns!H18 -> -0.044522583 | C70: 67 | D70: =(C70-0.5)/99 -> 0.67171717 | E70: =NORMSINV(D70) -> 0.44465976
B71: =lns!H80 -> -0.014866968 | C71: 68 | D71: =(C71-0.5)/99 -> 0.68181818 | E71: =NORMSINV(D71) -> 0.47278912
B72: =lns!H59 -> -0.0043856027 | C72: 69 | D72: =(C72-0.5)/99 -> 0.69191919 | E72: =NORMSINV(D72) -> 0.50129771
B73: =lns!H92 -> 0.017574657 | C73: 70 | D73: =(C73-0.5)/99 -> 0.7020202 | E73: =NORMSINV(D73) -> 0.53021973
B74: =lns!H51 -> 0.033763542 | C74: 71 | D74: =(C74-0.5)/99 -> 0.71212121 | E74: =NORMSINV(D74) -> 0.55959227
B75: =lns!H98 -> 0.04549904 | C75: 72 | D75: =(C75-0.5)/99 -> 0.72222222 | E75: =NORMSINV(D75) -> 0.5894558
B76: =lns!H102 -> 0.061875604 | C76: 73 | D76: =(C76-0.5)/99 -> 0.73232323 | E76: =NORMSINV(D76) -> 0.61985457
B77: =lns!H20 -> 0.065066507 | C77: 74 | D77: =(C77-0.5)/99 -> 0.74242424 | E77: =NORMSINV(D77) -> 0.65083731
B78: =lns!H77 -> 0.11689375 | C78: 75 | D78: =(C78-0.5)/99 -> 0.75252525 | E78: =NORMSINV(D78) -> 0.68245784
B79: =lns!H7 -> 0.12835803 | C79: 76 | D79: =(C79-0.5)/99 -> 0.76262626 | E79: =NORMSINV(D79) -> 0.71477599
B80: =lns!H13 -> 0.14861826 | C80: 77 | D80: =(C80-0.5)/99 -> 0.77272727 | E80: =NORMSINV(D80) -> 0.74785859
B81: =lns!H84 -> 0.16557376 | C81: 78 | D81: =(C81-0.5)/99 -> 0.78282828 | E81: =NORMSINV(D81) -> 0.78178075
B82: =lns!H78 -> 0.18528383 | C82: 79 | D82: =(C82-0.5)/99 -> 0.79292929 | E82: =NORMSINV(D82) -> 0.81662736
B83: =lns!H75 -> 0.18811309 | C83: 80 | D83: =(C83-0.5)/99 -> 0.8030303 | E83: =NORMSINV(D83) -> 0.85249503
B84: =lns!H23 -> 0.19600254 | C84: 81 | D84: =(C84-0.5)/99 -> 0.81313131 | E84: =NORMSINV(D84) -> 0.88949451
B85: =lns!H64 -> 0.27047742 | C85: 82 | D85: =(C85-0.5)/99 -> 0.82323232 | E85: =NORMSINV(D85) -> 0.92775369
B86: =lns!H99 -> 0.30315918 | C86: 83 | D86: =(C86-0.5)/99 -> 0.83333333 | E86: =NORMSINV(D86) -> 0.96742157
B87: =lns!H17 -> 0.33117968 | C87: 84 | D87: =(C87-0.5)/99 -> 0.84343434 | E87: =NORMSINV(D87) -> 1.0086734
B88: =lns!H88 -> 0.34461046 | C88: 85 | D88: =(C88-0.5)/99 -> 0.85353535 | E88: =NORMSINV(D88) -> 1.0517173
B89: =lns!H87 -> 0.35142418 | C89: 86 | D89: =(C89-0.5)/99 -> 0.86363636 | E89: =NORMSINV(D89) -> 1.0968036
B90: =lns!H12 -> 0.39068306 | C90: 87 | D90: =(C90-0.5)/99 -> 0.87373737 | E90: =NORMSINV(D90) -> 1.1442373
B91: =lns!H79 -> 0.42523506 | C91: 88 | D91: =(C91-0.5)/99 -> 0.88383838 | E91: =NORMSINV(D91) -> 1.1943957
B92: =lns!H6 -> 0.48855547 | C92: 89 | D92: =(C92-0.5)/99 -> 0.89393939 | E92: =NORMSINV(D92) -> 1.2477539
B93: =lns!H14 -> 0.53401076 | C93: 90 | D93: =(C93-0.5)/99 -> 0.9040404 | E93: =NORMSINV(D93) -> 1.3049226
B94: =lns!H15 -> 0.65607336 | C94: 91 | D94: =(C94-0.5)/99 -> 0.91414141 | E94: =NORMSINV(D94) -> 1.366707
B95: =lns!H16 -> 0.6843385 | C95: 92 | D95: =(C95-0.5)/99 -> 0.92424242 | E95: =NORMSINV(D95) -> 1.4342002
B96: =lns!H11 -> 0.70231007 | C96: 93 | D96: =(C96-0.5)/99 -> 0.93434343 | E96: =NORMSINV(D96) -> 1.5089439
B97: =lns!H86 -> 0.77385582 | C97: 94 | D97: =(C97-0.5)/99 -> 0.94444444 | E97: =NORMSINV(D97) -> 1.5932188
B98: =lns!H97 -> 0.92601926 | C98: 95 | D98: =(C98-0.5)/99 -> 0.95454545 | E98: =NORMSINV(D98) -> 1.6906216
B99: =lns!H8 -> 0.94309623 | C99: 96 | D99: =(C99-0.5)/99 -> 0.96464646 | E99: =NORMSINV(D99) -> 1.8073542
B100: =lns!H85 -> 1.1024516 | C100: 97 | D100: =(C100-0.5)/99 -> 0.97474747 | E100: =NORMSINV(D100) -> 1.9556614
B101: =lns!H10 -> 1.2883094 | C101: 98 | D101: =(C101-0.5)/99 -> 0.98484848 | E101: =NORMSINV(D101) -> 2.1661068
B102: =lns!H9 -> 1.3089597 | C102: 99 | D102: =(C102-0.5)/99 -> 0.99494949 | E102: =NORMSINV(D102) -> 2.5723521

Sheet Dec 8 Test
B3: Lns of Dec 8 Sorted | C3: Rank | D3: Rank Proportion | E3: Rank-Based Z Scores
B4: =lns!I54 -> -0.69897211 | C4: 1 | D4: =(C4-0.5)/99 -> 0.0050505051 | E4: =NORMSINV(D4) -> -2.5723521
B5: =lns!I49 -> -0.68939224 | C5: 2 | D5: =(C5-0.5)/99 -> 0.015151515 | E5: =NORMSINV(D5) -> -2.1661068
B6: =lns!I70 -> -0.68107633 | C6: 3 | D6: =(C6-0.5)/99 -> 0.025252525 | E6: =NORMSINV(D6) -> -1.9556614
B7: =lns!I42 -> -0.65909751 | C7: 4 | D7: =(C7-0.5)/99 -> 0.035353535 | E7: =NORMSINV(D7) -> -1.8073542
B8: =lns!I62 -> -0.62475235 | C8: 5 | D8: =(C8-0.5)/99 -> 0.045454545 | E8: =NORMSINV(D8) -> -1.6906216
B9: =lns!I29 -> -0.62275396 | C9: 6 | D9: =(C9-0.5)/99 -> 0.055555556 | E9: =NORMSINV(D9) -> -1.5932188
B10: =lns!I38 -> -0.61222363 | C10: 7 | D10: =(C10-0.5)/99 -> 0.065656566 | E10: =NORMSINV(D10) -> -1.5089439
B11: =lns!I72 -> -0.58756449 | C11: 8 | D11: =(C11-0.5)/99 -> 0.075757576 | E11: =NORMSINV(D11) -> -1.4342002
B12: =lns!I69 -> -0.57785257 | C12: 9 | D12: =(C12-0.5)/99 -> 0.085858586 | E12: =NORMSINV(D12) -> -1.366707
B13: =lns!I41 -> -0.52051407 | C13: 10 | D13: =(C13-0.5)/99 -> 0.095959596 | E13: =NORMSINV(D13) -> -1.3049226
B14: =lns!I44 -> -0.50189562 | C14: 11 | D14: =(C14-0.5)/99 -> 0.10606061 | E14: =NORMSINV(D14) -> -1.2477539
B15: =lns!I94 -> -0.4998725 | C15: 12 | D15: =(C15-0.5)/99 -> 0.11616162 | E15: =NORMSINV(D15) -> -1.1943957
B16: =lns!I71 -> -0.49405045 | C16: 13 | D16: =(C16-0.5)/99 -> 0.12626263 | E16: =NORMSINV(D16) -> -1.1442373
B17: =lns!I48 -> -0.46128812 | C17: 14 | D17: =(C17-0.5)/99 -> 0.13636364 | E17: =NORMSINV(D17) -> -1.0968036
B18: =lns!I55 -> -0.45649686 | C18: 15 | D18: =(C18-0.5)/99 -> 0.14646465 | E18: =NORMSINV(D18) -> -1.0517173
B19: =lns!I30 -> -0.45271868 | C19: 16 | D19: =(C19-0.5)/99 -> 0.15656566 | E19: =NORMSINV(D19) -> -1.0086734
B20: =lns!I56 -> -0.44976659 | C20: 17 | D20: =(C20-0.5)/99 -> 0.16666667 | E20: =NORMSINV(D20) -> -0.96742157
B21: =lns!I83 -> -0.44768652 | C21: 18 | D21: =(C21-0.5)/99 -> 0.17676768 | E21: =NORMSINV(D21) -> -0.92775369
B22: =lns!I35 -> -0.43834994 | C22: 19 | D22: =(C22-0.5)/99 -> 0.18686869 | E22: =NORMSINV(D22) -> -0.88949451
B23: =lns!I45 -> -0.42835663 | C23: 20 | D23: =(C23-0.5)/99 -> 0.1969697 | E23: =NORMSINV(D23) -> -0.85249503
B24: =lns!I33 -> -0.41958432 | C24: 21 | D24: =(C24-0.5)/99 -> 0.20707071 | E24: =NORMSINV(D24) -> -0.81662736
B25: =lns!I4 -> -0.41306995 | C25: 22 | D25: =(C25-0.5)/99 -> 0.21717172 | E25: =NORMSINV(D25) -> -0.78178075
B26: =lns!I61 -> -0.40685457 | C26: 23 | D26: =(C26-0.5)/99 -> 0.22727273 | E26: =NORMSINV(D26) -> -0.74785859
B27: =lns!I58 -> -0.40491126 | C27: 24 | D27: =(C27-0.5)/99 -> 0.23737374 | E27: =NORMSINV(D27) -> -0.71477599
B28: =lns!I66 -> -0.39946017 | C28: 25 | D28: =(C28-0.5)/99 -> 0.24747475 | E28: =NORMSINV(D28) -> -0.68245784
B29: =lns!I36 -> -0.39671302 | C29: 26 | D29: =(C29-0.5)/99 -> 0.25757576 | E29: =NORMSINV(D29) -> -0.65083731
B30: =lns!I37 -> -0.388785 | C30: 27 | D30: =(C30-0.5)/99 -> 0.26767677 | E30: =NORMSINV(D30) -> -0.61985457
B31: =lns!I82 -> -0.37504988 | C31: 28 | D31: =(C31-0.5)/99 -> 0.27777778 | E31: =NORMSINV(D31) -> -0.5894558
B32: =lns!I46 -> -0.37292919 | C32: 29 | D32: =(C32-0.5)/99 -> 0.28787879 | E32: =NORMSINV(D32) -> -0.55959227
B33: =lns!I73 -> -0.3627735 | C33: 30 | D33: =(C33-0.5)/99 -> 0.2979798 | E33: =NORMSINV(D33) -> -0.53021973
B34: =lns!I60 -> -0.34761044 | C34: 31 | D34: =(C34-0.5)/99 -> 0.30808081 | E34: =NORMSINV(D34) -> -0.50129771
B35: =lns!I21 -> -0.34759911 | C35: 32 | D35: =(C35-0.5)/99 -> 0.31818182 | E35: =NORMSINV(D35) -> -0.47278912
B36: =lns!I53 -> -0.30562475 | C36: 33 | D36: =(C36-0.5)/99 -> 0.32828283 | E36: =NORMSINV(D36) -> -0.44465976
B37: =lns!I91 -> -0.29186548 | C37: 34 | D37: =(C37-0.5)/99 -> 0.33838384 | E37: =NORMSINV(D37) -> -0.41687796
B38: =lns!I63 -> -0.28992726 | C38: 35 | D38: =(C38-0.5)/99 -> 0.34848485 | E38: =NORMSINV(D38) -> -0.3894143
B39: =lns!I31 -> -0.28758608 | C39: 36 | D39: =(C39-0.5)/99 -> 0.35858586 | E39: =NORMSINV(D39) -> -0.3622413
B40: =lns!I40 -> -0.28556565 | C40: 37 | D40: =(C40-0.5)/99 -> 0.36868687 | E40: =NORMSINV(D40) -> -0.33533322
B41: =lns!I28 -> -0.27369239 | C41: 38 | D41: =(C41-0.5)/99 -> 0.37878788 | E41: =NORMSINV(D41) -> -0.30866581
B42: =lns!I19 -> -0.24792304 | C42: 39 | D42: =(C42-0.5)/99 -> 0.38888889 | E42: =NORMSINV(D42) -> -0.28221615
B43: =lns!I26 -> -0.24730946 | C43: 40 | D43: =(C43-0.5)/99 -> 0.3989899 | E43: =NORMSINV(D43) -> -0.25596249
B44: =lns!I65 -> -0.24407995 | C44: 41 | D44: =(C44-0.5)/99 -> 0.40909091 | E44: =NORMSINV(D44) -> -0.22988412
B45: =lns!I68 -> -0.24362053 | C45: 42 | D45: =(C45-0.5)/99 -> 0.41919192 | E45: =NORMSINV(D45) -> -0.20396118
B46: =lns!I90 -> -0.24229069 | C46: 43 | D46: =(C46-0.5)/99 -> 0.42929293 | E46: =NORMSINV(D46) -> -0.1781746
B47: =lns!I76 -> -0.23321156 | C47: 44 | D47: =(C47-0.5)/99 -> 0.43939394 | E47: =NORMSINV(D47) -> -0.15250597
B48: =lns!I67 -> -0.22645152 | C48: 45 | D48: =(C48-0.5)/99 -> 0.44949495 | E48: =NORMSINV(D48) -> -0.12693746
B49: =lns!I43 -> -0.22036865 | C49: 46 | D49: =(C49-0.5)/99 -> 0.45959596 | E49: =NORMSINV(D49) -> -0.10145167
B50: =lns!I34 -> -0.21997483 | C50: 47 | D50: =(C50-0.5)/99 -> 0.46969697 | E50: =NORMSINV(D50) -> -0.076031623
B51: =lns!I81 -> -0.21386671 | C51: 48 | D51: =(C51-0.5)/99 -> 0.47979798 | E51: =NORMSINV(D51) -> -0.050660617
B52: =lns!I24 -> -0.20493288 | C52: 49 | D52: =(C52-0.5)/99 -> 0.48989899 | E52: =NORMSINV(D52) -> -0.025322183
B53: =lns!I89 -> -0.16810154 | C53: 50 | D53: =(C53-0.5)/99 -> 0.5 | E53: =NORMSINV(D53) -> 0
B54: =lns!I5 -> -0.16608528 | C54: 51 | D54: =(C54-0.5)/99 -> 0.51010101 | E54: =NORMSINV(D54) -> 0.025322183
B55: =lns!I22 -> -0.16252716 | C55: 52 | D55: =(C55-0.5)/99 -> 0.52020202 | E55: =NORMSINV(D55) -> 0.050660617
B56: =lns!I50 -> -0.14309354 | C56: 53 | D56: =(C56-0.5)/99 -> 0.53030303 | E56: =NORMSINV(D56) -> 0.076031623
B57: =lns!I96 -> -0.12036248 | C57: 54 | D57: =(C57-0.5)/99 -> 0.54040404 | E57: =NORMSINV(D57) -> 0.10145167
B58: =lns!I57 -> -0.11948423 | C58: 55 | D58: =(C58-0.5)/99 -> 0.55050505 | E58: =NORMSINV(D58) -> 0.12693746
B59: =lns!I47 -> -0.11725542 | C59: 56 | D59: =(C59-0.5)/99 -> 0.56060606 | E59: =NORMSINV(D59) -> 0.15250597
B60: =lns!I74 -> -0.1067882 | C60: 57 | D60: =(C60-0.5)/99 -> 0.57070707 | E60: =NORMSINV(D60) -> 0.1781746
B61: =lns!I93 -> -0.099432565 | C61: 58 | D61: =(C61-0.5)/99 -> 0.58080808 | E61: =NORMSINV(D61) -> 0.20396118
B62: =lns!I59 -> -0.082619943 | C62: 59 | D62: =(C62-0.5)/99 -> 0.59090909 | E62: =NORMSINV(D62) -> 0.22988412
B63: =lns!I52 -> -0.040379384 | C63: 60 | D63: =(C63-0.5)/99 -> 0.6010101 | E63: =NORMSINV(D63) -> 0.25596249
B64: =lns!I32 -> -0.028006548 | C64: 61 | D64: =(C64-0.5)/99 -> 0.61111111 | E64: =NORMSINV(D64) -> 0.28221615
B65: =lns!I39 -> -0.02320824 | C65: 62 | D65: =(C65-0.5)/99 -> 0.62121212 | E65: =NORMSINV(D65) -> 0.30866581
B66: =lns!I84 -> -0.0058390139 | C66: 63 | D66: =(C66-0.5)/99 -> 0.63131313 | E66: =NORMSINV(D66) -> 0.33533322
B67: =lns!I20 -> -0.0028370205 | C67: 64 | D67: =(C67-0.5)/99 -> 0.64141414 | E67: =NORMSINV(D67) -> 0.3622413
B68: =lns!I92 -> 0.0015288307 | C68: 65 | D68: =(C68-0.5)/99 -> 0.65151515 | E68: =NORMSINV(D68) -> 0.3894143
B69: =lns!I101 -> 0.0066379202 | C69: 66 | D69: =(C69-0.5)/99 -> 0.66161616 | E69: =NORMSINV(D69) -> 0.41687796
B70: =lns!I27 -> 0.013814144 | C70: 67 | D70: =(C70-0.5)/99 -> 0.67171717 | E70: =NORMSINV(D70) -> 0.44465976
B71: =lns!I25 -> 0.016611266 | C71: 68 | D71: =(C71-0.5)/99 -> 0.68181818 | E71: =NORMSINV(D71) -> 0.47278912
B72: =lns!I18 -> 0.022759037 | C72: 69 | D72: =(C72-0.5)/99 -> 0.69191919 | E72: =NORMSINV(D72) -> 0.50129771
B73: =lns!I75 -> 0.025463047 | C73: 70 | D73: =(C73-0.5)/99 -> 0.7020202 | E73: =NORMSINV(D73) -> 0.53021973
B74: =lns!I95 -> 0.10426091 | C74: 71 | D74: =(C74-0.5)/99 -> 0.71212121 | E74: =NORMSINV(D74) -> 0.55959227
B75: =lns!I98 -> 0.12936021 | C75: 72 | D75: =(C75-0.5)/99 -> 0.72222222 | E75: =NORMSINV(D75) -> 0.5894558
B76: =lns!I80 -> 0.13564042 | C76: 73 | D76: =(C76-0.5)/99 -> 0.73232323 | E76: =NORMSINV(D76) -> 0.61985457
B77: =lns!I100 -> 0.13604199 | C77: 74 | D77: =(C77-0.5)/99 -> 0.74242424 | E77: =NORMSINV(D77) -> 0.65083731
B78: =lns!I51 -> 0.14992749 | C78: 75 | D78: =(C78-0.5)/99 -> 0.75252525 | E78: =NORMSINV(D78) -> 0.68245784
B79: =lns!I77 -> 0.16011855 | C79: 76 | D79: =(C79-0.5)/99 -> 0.76262626 | E79: =NORMSINV(D79) -> 0.71477599
B80: =lns!I78 -> 0.17885723 | C80: 77 | D80: =(C80-0.5)/99 -> 0.77272727 | E80: =NORMSINV(D80) -> 0.74785859
B81: =lns!I102 -> 0.18099568 | C81: 78 | D81: =(C81-0.5)/99 -> 0.78282828 | E81: =NORMSINV(D81) -> 0.78178075
B82: =lns!I64 -> 0.18554137 | C82: 79 | D82: =(C82-0.5)/99 -> 0.79292929 | E82: =NORMSINV(D82) -> 0.81662736
B83: =lns!I23 -> 0.22673709 | C83: 80 | D83: =(C83-0.5)/99 -> 0.8030303 | E83: =NORMSINV(D83) -> 0.85249503
B84: =lns!I7 -> 0.30358741 | C84: 81 | D84: =(C84-0.5)/99 -> 0.81313131 | E84: =NORMSINV(D84) -> 0.88949451
B85: =lns!I87 -> 0.3160873 | C85: 82 | D85: =(C85-0.5)/99 -> 0.82323232 | E85: =NORMSINV(D85) -> 0.92775369
B86: =lns!I99 -> 0.3395532 | C86: 83 | D86: =(C86-0.5)/99 -> 0.83333333 | E86: =NORMSINV(D86) -> 0.96742157
B87: =lns!I17 -> 0.39013486 | C87: 84 | D87: =(C87-0.5)/99 -> 0.84343434 | E87: =NORMSINV(D87) -> 1.0086734
B88: =lns!I13 -> 0.42396624 | C88: 85 | D88: =(C88-0.5)/99 -> 0.85353535 | E88: =NORMSINV(D88) -> 1.0517173
B89: =lns!I6 -> 0.43088591 | C89: 86 | D89: =(C89-0.5)/99 -> 0.86363636 | E89: =NORMSINV(D89) -> 1.0968036
B90: =lns!I88 -> 0.47630871 | C90: 87 | D90: =(C90-0.5)/99 -> 0.87373737 | E90: =NORMSINV(D90) -> 1.1442373
B91: =lns!I79 -> 0.52014407 | C91: 88 | D91: =(C91-0.5)/99 -> 0.88383838 | E91: =NORMSINV(D91) -> 1.1943957
B92: =lns!I12 -> 0.59906724 | C92: 89 | D92: =(C92-0.5)/99 -> 0.89393939 | E92: =NORMSINV(D92) -> 1.2477539
B93: =lns!I16 -> 0.68032027 | C93: 90 | D93: =(C93-0.5)/99 -> 0.9040404 | E93: =NORMSINV(D93) -> 1.3049226
B94: =lns!I15 -> 0.76525852 | C94: 91 | D94: =(C94-0.5)/99 -> 0.91414141 | E94: =NORMSINV(D94) -> 1.366707
B95: =lns!I14 -> 0.78033354 | C95: 92 | D95: =(C95-0.5)/99 -> 0.92424242 | E95: =NORMSINV(D95) -> 1.4342002
B96: =lns!I11 -> 0.81039229 | C96: 93 | D96: =(C96-0.5)/99 -> 0.93434343 | E96: =NORMSINV(D96) -> 1.5089439
B97: =lns!I8 -> 0.95493436 | C97: 94 | D97: =(C97-0.5)/99 -> 0.94444444 | E97: =NORMSINV(D97) -> 1.5932188
B98: =lns!I97 -> 0.96339948 | C98: 95 | D98: =(C98-0.5)/99 -> 0.95454545 | E98: =NORMSINV(D98) -> 1.6906216
B99: =lns!I86 -> 1.0425427 | C99: 96 | D99: =(C99-0.5)/99 -> 0.96464646 | E99: =NORMSINV(D99) -> 1.8073542
B100: =lns!I85 -> 1.213419 | C100: 97 | D100: =(C100-0.5)/99 -> 0.97474747 | E100: =NORMSINV(D100) -> 1.9556614
B101: =lns!I9 -> 1.294697 | C101: 98 | D101: =(C101-0.5)/99 -> 0.98484848 | E101: =NORMSINV(D101) -> 2.1661068
B102: =lns!I10 -> 1.3451754 | C102: 99 | D102: =(C102-0.5)/99 -> 0.99494949 | E102: =NORMSINV(D102) -> 2.5723521

Sheet Dec 9 Test
B3: Lns of Dec 9 Sorted | C3: Rank | D3: Rank Proportion | E3: Rank-Based Z Scores
B4: =lns!J41 -> -0.72436957 | C4: 1 | D4: =(C4-0.5)/99 -> 0.0050505051 | E4: =NORMSINV(D4) -> -2.5723521
B5: =lns!J54 -> -0.70606627 | C5: 2 | D5: =(C5-0.5)/99 -> 0.015151515 | E5: =NORMSINV(D5) -> -2.1661068
B6: =lns!J72 -> -0.65550271 | C6: 3 | D6: =(C6-0.5)/99 -> 0.025252525 | E6: =NORMSINV(D6) -> -1.9556614
B7: =lns!J38 -> -0.61386476 | C7: 4 | D7: =(C7-0.5)/99 -> 0.035353535 | E7: =NORMSINV(D7) -> -1.8073542
B8: =lns!J62 -> -0.60795529 | C8: 5 | D8: =(C8-0.5)/99 -> 0.045454545 | E8: =NORMSINV(D8) -> -1.6906216
B9: =lns!J29 -> -0.59222189 | C9: 6 | D9: =(C9-0.5)/99 -> 0.055555556 | E9: =NORMSINV(D9) -> -1.5932188
B10: =lns!J70 -> -0.52963305 | C10: 7 | D10: =(C10-0.5)/99 -> 0.065656566 | E10: =NORMSINV(D10) -> -1.5089439
B11: =lns!J42 -> -0.50394766 | C11: 8 | D11: =(C11-0.5)/99 -> 0.075757576 | E11: =NORMSINV(D11) -> -1.4342002
B12: =lns!J49 -> -0.50073834 | C12: 9 | D12: =(C12-0.5)/99 -> 0.085858586 | E12: =NORMSINV(D12) -> -1.366707
B13: =lns!J40 -> -0.44297385 | C13: 10 | D13: =(C13-0.5)/99 -> 0.095959596 | E13: =NORMSINV(D13) -> -1.3049226
B14: =lns!J69 -> -0.4404992 | C14: 11 | D14: =(C14-0.5)/99 -> 0.10606061 | E14: =NORMSINV(D14) -> -1.2477539
B15: =lns!J31 -> -0.43665396 | C15: 12 | D15: =(C15-0.5)/99 -> 0.11616162 | E15: =NORMSINV(D15) -> -1.1943957
B16: =lns!J73 -> -0.4206955 | C16: 13 | D16: =(C16-0.5)/99 -> 0.12626263 | E16: =NORMSINV(D16) -> -1.1442373
B17: =lns!J71 -> -0.40138245 | C17: 14 | D17: =(C17-0.5)/99 -> 0.13636364 | E17: =NORMSINV(D17) -> -1.0968036
B18: =lns!J44 -> -0.38181548 | C18: 15 | D18: =(C18-0.5)/99 -> 0.14646465 | E18: =NORMSINV(D18) -> -1.0517173
B19: =lns!J60 -> -0.37636321 | C19: 16 | D19: =(C19-0.5)/99 -> 0.15656566 | E19: =NORMSINV(D19) -> -1.0086734
B20: =lns!J36 -> -0.36976453 | C20: 17 | D20: =(C20-0.5)/99 -> 0.16666667 | E20: =NORMSINV(D20) -> -0.96742157
B21: =lns!J58 -> -0.36658243 | C21: 18 | D21: =(C21-0.5)/99 -> 0.17676768 | E21: =NORMSINV(D21) -> -0.92775369
B22: =lns!J66 -> -0.36116357 | C22: 19 | D22: =(C22-0.5)/99 -> 0.18686869 | E22: =NORMSINV(D22) -> -0.88949451
B23: =lns!J35 -> -0.34287348 | C23: 20 | D23: =(C23-0.5)/99 -> 0.1969697 | E23: =NORMSINV(D23) -> -0.85249503
B24: =lns!J83 -> -0.33884204 | C24: 21 | D24: =(C24-0.5)/99 -> 0.20707071 | E24: =NORMSINV(D24) -> -0.81662736
B25: =lns!J30 -> -0.32885691 | C25: 22 | D25: =(C25-0.5)/99 -> 0.21717172 | E25: =NORMSINV(D25) -> -0.78178075
B26: =lns!J76 -> -0.32596978 | C26: 23 | D26: =(C26-0.5)/99 -> 0.22727273 | E26: =NORMSINV(D26) -> -0.74785859
B27: =lns!J46 -> -0.32563042 | C27: 24 | D27: =(C27-0.5)/99 -> 0.23737374 | E27: =NORMSINV(D27) -> -0.71477599
B28: =lns!J33 -> -0.32070263 | C28: 25 | D28: =(C28-0.5)/99 -> 0.24747475 | E28: =NORMSINV(D28) -> -0.68245784
B29: =lns!J56 -> -0.31379062 | C29: 26 | D29: =(C29-0.5)/99 -> 0.25757576 | E29: =NORMSINV(D29) -> -0.65083731
B30: =lns!J45 -> -0.30818278 | C30: 27 | D30: =(C30-0.5)/99 -> 0.26767677 | E30: =NORMSINV(D30) -> -0.61985457
B31: =lns!J61 -> -0.30712588 | C31: 28 | D31: =(C31-0.5)/99 -> 0.27777778 | E31: =NORMSINV(D31) -> -0.5894558
B32: =lns!J82 -> -0.30632953 | C32: 29 | D32: =(C32-0.5)/99 -> 0.28787879 | E32: =NORMSINV(D32) -> -0.55959227
B33: =lns!J55 -> -0.30161874 | C33: 30 | D33: =(C33-0.5)/99 -> 0.2979798 | E33: =NORMSINV(D33) -> -0.53021973
B34: =lns!J94 -> -0.2946946 | C34: 31 | D34: =(C34-0.5)/99 -> 0.30808081 | E34: =NORMSINV(D34) -> -0.50129771
B35: =lns!J37 -> -0.29006224 | C35: 32 | D35: =(C35-0.5)/99 -> 0.31818182 | E35: =NORMSINV(D35) -> -0.47278912
B36: =lns!J91 -> -0.26267991 | C36: 33 | D36: =(C36-0.5)/99 -> 0.32828283 | E36: =NORMSINV(D36) -> -0.44465976
B37: =lns!J26 -> -0.25153274 | C37: 34 | D37: =(C37-0.5)/99 -> 0.33838384 | E37: =NORMSINV(D37) -> -0.41687796
B38: =lns!J53 -> -0.24705338 | C38: 35 | D38: =(C38-0.5)/99 -> 0.34848485 | E38: =NORMSINV(D38) -> -0.3894143
B39: =lns!J74 -> -0.23967317 | C39: 36 | D39: =(C39-0.5)/99 -> 0.35858586 | E39: =NORMSINV(D39) -> -0.3622413
B40: =lns!J67 -> -0.22500153 | C40: 37 | D40: =(C40-0.5)/99 -> 0.36868687 | E40: =NORMSINV(D40) -> -0.33533322
B41: =lns!J63 -> -0.2063946 | C41: 38 | D41: =(C41-0.5)/99 -> 0.37878788 | E41: =NORMSINV(D41) -> -0.30866581
B42: =lns!J34 -> -0.19752332 | C42: 39 | D42: =(C42-0.5)/99 -> 0.38888889 | E42: =NORMSINV(D42) -> -0.28221615
B43: =lns!J81 -> -0.18677064 | C43: 40 | D43: =(C43-0.5)/99 -> 0.3989899 | E43: =NORMSINV(D43) -> -0.25596249
B44: =lns!J90 -> -0.1740332 | C44: 41 | D44: =(C44-0.5)/99 -> 0.40909091 | E44: =NORMSINV(D44) -> -0.22988412
B45: =lns!J43 -> -0.16663799 | C45: 42 | D45: =(C45-0.5)/99 -> 0.41919192 | E45: =NORMSINV(D45) -> -0.20396118
B46: =lns!J68 -> -0.16473196 | C46: 43 | D46: =(C46-0.5)/99 -> 0.42929293 | E46: =NORMSINV(D46) -> -0.1781746
B47: =lns!J65 -> -0.15639653 | C47: 44 | D47: =(C47-0.5)/99 -> 0.43939394 | E47: =NORMSINV(D47) -> -0.15250597
B48: =lns!J59 -> -0.14332433 | C48: 45 | D48: =(C48-0.5)/99 -> 0.44949495 | E48: =NORMSINV(D48) -> -0.12693746
B49: =lns!J21 -> -0.13974379 | C49: 46 | D49: =(C49-0.5)/99 -> 0.45959596 | E49: =NORMSINV(D49) -> -0.10145167
B50: =lns!J4 -> -0.13475271 | C50: 47 | D50: =(C50-0.5)/99 -> 0.46969697 | E50: =NORMSINV(D50) -> -0.076031623
B51: =lns!J28 -> -0.13189274 | C51: 48 | D51: =(C51-0.5)/99 -> 0.47979798 | E51: =NORMSINV(D51) -> -0.050660617
B52: =lns!J24 -> -0.12591249 | C52: 49 | D52: =(C52-0.5)/99 -> 0.48989899 | E52: =NORMSINV(D52) -> -0.025322183
B53: =lns!J48 -> -0.11204056 | C53: 50 | D53: =(C53-0.5)/99 -> 0.5 | E53: =NORMSINV(D53) -> 0
B54: =lns!J19 -> -0.1043255 | C54: 51 | D54: =(C54-0.5)/99 -> 0.51010101 | E54: =NORMSINV(D54) -> 0.025322183
B55: =lns!J39 -> -0.080709096 | C55: 52 | D55: =(C55-0.5)/99 -> 0.52020202 | E55: =NORMSINV(D55) -> 0.050660617
B56: =lns!J75 -> -0.075746699 | C56: 53 | D56: =(C56-0.5)/99 -> 0.53030303 | E56: =NORMSINV(D56) -> 0.076031623
B57: =lns!J47 -> -0.063891264 | C57: 54 | D57: =(C57-0.5)/99 -> 0.54040404 | E57: =NORMSINV(D57) -> 0.10145167
B58: =lns!J50 -> -0.061119307 | C58: 55 | D58: =(C58-0.5)/99 -> 0.55050505 | E58: =NORMSINV(D58) -> 0.12693746
B59: =lns!J57 -> -0.040775121 | C59: 56 | D59: =(C59-0.5)/99 -> 0.56060606 | E59: =NORMSINV(D59) -> 0.15250597
B60: =lns!J52 -> -0.020948904 | C60: 57 | D60: =(C60-0.5)/99 -> 0.57070707 | E60: =NORMSINV(D60) -> 0.1781746
B61: =lns!J22 -> -0.014213535 | C61: 58 | D61: =(C61-0.5)/99 -> 0.58080808 | E61: =NORMSINV(D61) -> 0.20396118
B62: =lns!J32 -> -0.0059406105 | C62: 59 | D62: =(C62-0.5)/99 -> 0.59090909 | E62: =NORMSINV(D62) -> 0.22988412
B63: =lns!J89 -> 0.0057832448 | C63: 60 | D63: =(C63-0.5)/99 -> 0.6010101 | E63: =NORMSINV(D63) -> 0.25596249
B64: =lns!J27 -> 0.083044352 | C64: 61 | D64: =(C64-0.5)/99 -> 0.61111111 | E64: =NORMSINV(D64) -> 0.28221615
B65: =lns!J25 -> 0.085149645 | C65: 62 | D65: =(C65-0.5)/99 -> 0.62121212 | E65: =NORMSINV(D65) -> 0.30866581
B66: =lns!J96 -> 0.10485539 | C66: 63 | D66: =(C66-0.5)/99 -> 0.63131313 | E66: =NORMSINV(D66) -> 0.33533322
B67: =lns!J77 -> 0.10515249 | C67: 64 | D67: =(C67-0.5)/99 -> 0.64141414 | E67: =NORMSINV(D67) -> 0.3622413
B68: =lns!J95 -> 0.12739888 | C68: 65 | D68: =(C68-0.5)/99 -> 0.65151515 | E68: =NORMSINV(D68) -> 0.3894143
B69: =lns!J18 -> 0.12847237 | C69: 66 | D69: =(C69-0.5)/99 -> 0.66161616 | E69: =NORMSINV(D69) -> 0.41687796
B70: =lns!J92 -> 0.13313131 | C70: 67 | D70: =(C70-0.5)/99 -> 0.67171717 | E70: =NORMSINV(D70) -> 0.44465976
B71: =lns!J84 -> 0.1361729 | C71: 68 | D71: =(C71-0.5)/99 -> 0.68181818 | E71: =NORMSINV(D71) -> 0.47278912
B72: =lns!J51 -> 0.13724574 | C72: 69 | D72: =(C72-0.5)/99 -> 0.69191919 | E72: =NORMSINV(D72) -> 0.50129771
B73: =lns!J101 -> 0.14926448 | C73: 70 | D73: =(C73-0.5)/99 -> 0.7020202 | E73: =NORMSINV(D73) -> 0.53021973
B74: =lns!J100 -> 0.17448258 | C74: 71 | D74: =(C74-0.5)/99 -> 0.71212121 | E74: =NORMSINV(D74) -> 0.55959227
B75: =lns!J5 -> 0.1819715 | C75: 72 | D75: =(C75-0.5)/99 -> 0.72222222 | E75: =NORMSINV(D75) -> 0.5894558
B76: =lns!J78 -> 0.19697205 | C76: 73 | D76: =(C76-0.5)/99 -> 0.73232323 | E76: =NORMSINV(D76) -> 0.61985457
B77: =lns!J80 -> 0.23350568 | C77: 74 | D77: =(C77-0.5)/99 -> 0.74242424 | E77: =NORMSINV(D77) -> 0.65083731
B78: =lns!J93 -> 0.26651717 | C78: 75 | D78: =(C78-0.5)/99 -> 0.75252525 | E78: =NORMSINV(D78) -> 0.68245784
B79: =lns!J64 -> 0.27629751 | C79: 76 | D79: =(C79-0.5)/99 -> 0.76262626 | E79: =NORMSINV(D79) -> 0.71477599
B80: =lns!J20 -> 0.28099728 | C80: 77 | D80: =(C80-0.5)/99 -> 0.77272727 | E80: =NORMSINV(D80) -> 0.74785859
B81: =lns!J102 -> 0.31666304 | C81: 78 | D81: =(C81-0.5)/99 -> 0.78282828 | E81: =NORMSINV(D81) -> 0.78178075
B82: =lns!J23 -> 0.32608996 | C82: 79 | D82: =(C82-0.5)/99 -> 0.79292929 | E82: =NORMSINV(D82) -> 0.81662736
B83: =lns!J98 -> 0.35150862 | C83: 80 | D83: =(C83-0.5)/99 -> 0.8030303 | E83: =NORMSINV(D83) -> 0.85249503
B84: =lns!J99 -> 0.38381237 | C84: 81 | D84: =(C84-0.5)/99 -> 0.81313131 | E84: =NORMSINV(D84) -> 0.88949451
B85: =lns!J87 -> 0.4287258 | C85: 82 | D85: =(C85-0.5)/99 -> 0.82323232 | E85: =NORMSINV(D85) -> 0.92775369
B86: =lns!J13 -> 0.46214785 | C86: 83 | D86: =(C86-0.5)/99 -> 0.83333333 | E86: =NORMSINV(D86) -> 0.96742157
B87: =lns!J7 -> 0.4980139 | C87: 84 | D87: =(C87-0.5)/99 -> 0.84343434 | E87: =NORMSINV(D87) -> 1.0086734
B88: =lns!J17 -> 0.54284741 | C88: 85 | D88: =(C88-0.5)/99 -> 0.85353535 | E88: =NORMSINV(D88) -> 1.0517173
B89: =lns!J6 -> 0.55185432 | C89: 86 | D89: =(C89-0.5)/99 -> 0.86363636 | E89: =NORMSINV(D89) -> 1.0968036
B90: =lns!J79 -> 0.60787248 | C90: 87 | D90: =(C90-0.5)/99 -> 0.87373737 | E90: =NORMSINV(D90) -> 1.1442373
B91: =lns!J88 -> 0.64683095 | C91: 88 | D91: =(C91-0.5)/99 -> 0.88383838 | E91: =NORMSINV(D91) -> 1.1943957
B92: =lns!J14 -> 0.77883852 | C92: 89 | D92: =(C92-0.5)/99 -> 0.89393939 | E92: =NORMSINV(D92) -> 1.2477539
B93: =lns!J12 -> 0.8261253 | C93: 90 | D93: =(C93-0.5)/99 -> 0.9040404 | E93: =NORMSINV(D93) -> 1.3049226
B94: =lns!J16 -> 0.87478517 | C94: 91 | D94: =(C94-0.5)/99 -> 0.91414141 | E94: =NORMSINV(D94) -> 1.366707
B95: =lns!J11 -> 0.91346274 | C95: 92 | D95: =(C95-0.5)/99 -> 0.92424242 | E95: =NORMSINV(D95) -> 1.4342002
B96: =lns!J15 -> 0.93777038 | C96: 93 | D96: =(C96-0.5)/99 -> 0.93434343 | E96: =NORMSINV(D96) -> 1.5089439
B97: =lns!J97 -> 1.0508426 | C97: 94 | D97: =(C97-0.5)/99 -> 0.94444444 | E97: =NORMSINV(D97) -> 1.5932188
B98: =lns!J85 -> 1.0691217 | C98: 95 | D98: =(C98-0.5)/99 -> 0.95454545 | E98: =NORMSINV(D98) -> 1.6906216
B99: =lns!J86 -> 1.0709807 | C99: 96 | D99: =(C99-0.5)/99 -> 0.96464646 | E99: =NORMSINV(D99) -> 1.8073542
B100: =lns!J8 -> 1.0842124 | C100: 97 | D100: =(C100-0.5)/99 -> 0.97474747 | E100: =NORMSINV(D100) -> 1.9556614
B101: =lns!J9 -> 1.2358319 | C101: 98 | D101: =(C101-0.5)/99 -> 0.98484848 | E101: =NORMSINV(D101) -> 2.1661068
B102: =lns!J10 -> 1.3715842 | C102: 99 | D102: =(C102-0.5)/99 -> 0.99494949 | E102: =NORMSINV(D102) -> 2.5723521

Sheet Hi 10 Test
B3: Lns of Hi 10 Sorted | C3: Rank | D3: Rank Proportion | E3: Rank-Based Z Scores
B4: =lns!K72 -> -0.78933655 | C4: 1 | D4: =(C4-0.5)/99 -> 0.0050505051 | E4: =NORMSINV(D4) -> -2.5723521
B5: =lns!K62 -> -0.66544641 | C5: 2 | D5: =(C5-0.5)/99 -> 0.015151515 | E5: =NORMSINV(D5) -> -2.1661068
B6: =lns!K41 -> -0.59442102 | C6: 3 | D6: =(C6-0.5)/99 -> 0.025252525 | E6: =NORMSINV(D6) -> -1.9556614
B7: =lns!K71 -> -0.55911117 | C7: 4 | D7: =(C7-0.5)/99 -> 0.035353535 | E7: =NORMSINV(D7) -> -1.8073542
B8: =lns!K66 -> -0.50397084 | C8: 5 | D8: =(C8-0.5)/99 -> 0.045454545 | E8: =NORMSINV(D8) -> -1.6906216
B9: =lns!K73 -> -0.45065287 | C9: 6 | D9: =(C9-0.5)/99 -> 0.055555556 | E9: =NORMSINV(D9) -> -1.5932188
B10: =lns!K54 -> -0.44875107 | C10: 7 | D10: =(C10-0.5)/99 -> 0.065656566 | E10: =NORMSINV(D10) -> -1.5089439
B11: =lns!K44 -> -0.44085656 | C11: 8 | D11: =(C11-0.5)/99 -> 0.075757576 | E11: =NORMSINV(D11) -> -1.4342002
B12: =lns!K42 -> -0.43904775 | C12: 9 | D12: =(C12-0.5)/99 -> 0.085858586 | E12: =NORMSINV(D12) -> -1.366707
B13: =lns!K49 -> -0.40099412 | C13: 10 | D13: =(C13-0.5)/99 -> 0.095959596 | E13: =NORMSINV(D13) -> -1.3049226
B14: =lns!K46 -> -0.38099106 | C14: 11 | D14: =(C14-0.5)/99 -> 0.10606061 | E14: =NORMSINV(D14) -> -1.2477539
B15: =lns!K40 -> -0.38069689 | C15: 12 | D15: =(C15-0.5)/99 -> 0.11616162 | E15: =NORMSINV(D15) -> -1.1943957
B16: =lns!K61 -> -0.37630639 | C16: 13 | D16: =(C16-0.5)/99 -> 0.12626263 | E16: =NORMSINV(D16) -> -1.1442373
B17: =lns!K45 -> -0.35794146 | C17: 14 | D17: =(C17-0.5)/99 -> 0.13636364 | E17: =NORMSINV(D17) -> -1.0968036
B18: =lns!K83 -> -0.35143015 | C18: 15 | D18: =(C18-0.5)/99 -> 0.14646465 | E18: =NORMSINV(D18) -> -1.0517173
B19: =lns!K82 -> -0.31280434 | C19: 16 | D19: =(C19-0.5)/99 -> 0.15656566 | E19: =NORMSINV(D19) -> -1.0086734
B20: =lns!K38 -> -0.30971911 | C20: 17 | D20: =(C20-0.5)/99 -> 0.16666667 | E20: =NORMSINV(D20) -> -0.96742157
B21: =lns!K58 -> -0.3036597 | C21: 18 | D21: =(C21-0.5)/99 -> 0.17676768 | E21: =NORMSINV(D21) -> -0.92775369
B22: =lns!K65 -> -0.27496593 | C22: 19 | D22: =(C22-0.5)/99 -> 0.18686869 | E22: =NORMSINV(D22) -> -0.88949451
B23: =lns!K70 -> -0.26445916 | C23: 20 | D23: =(C23-0.5)/99 -> 0.1969697 | E23: =NORMSINV(D23) -> -0.85249503
B24: =lns!K60 -> -0.25151731 | C24: 21 | D24: =(C24-0.5)/99 -> 0.20707071 | E24: =NORMSINV(D24) -> -0.81662736
B25: =lns!K33 -> -0.24077431 | C25: 22 | D25: =(C25-0.5)/99 -> 0.21717172 | E25: =NORMSINV(D25) -> -0.78178075
B26: =lns!K29 -> -0.23897445 | C26: 23 | D26: =(C26-0.5)/99 -> 0.22727273 | E26: =NORMSINV(D26) -> -0.74785859
B27: =lns!K31 -> -0.23360306 | C27: 24 | D27: =(C27-0.5)/99 -> 0.23737374 | E27: =NORMSINV(D27) -> -0.71477599
B28: =lns!K63 -> -0.20796927 | C28: 25 | D28: =(C28-0.5)/99 -> 0.24747475 | E28: =NORMSINV(D28) -> -0.68245784
B29: =lns!K36 -> -0.19956742 | C29: 26 | D29: =(C29-0.5)/99 -> 0.25757576 | E29: =NORMSINV(D29) -> -0.65083731
B30: =lns!K76 -> -0.18807809 | C30: 27 | D30: =(C30-0.5)/99 -> 0.26767677 | E30: =NORMSINV(D30) -> -0.61985457
B31: =lns!K37 -> -0.17963756 | C31: 28 | D31: =(C31-0.5)/99 -> 0.27777778 | E31: =NORMSINV(D31) -> -0.5894558
B32: =lns!K56 -> -0.17373572 | C32: 29 | D32: =(C32-0.5)/99 -> 0.28787879 | E32: =NORMSINV(D32) -> -0.55959227
B33: =lns!K74 -> -0.17034121 | C33: 30 | D33: =(C33-0.5)/99 -> 0.2979798 | E33: =NORMSINV(D33) -> -0.53021973
B34: =lns!K35 -> -0.1509101 | C34: 31 | D34: =(C34-0.5)/99 -> 0.30808081 | E34: =NORMSINV(D34) -> -0.50129771
B35: =lns!K59 -> -0.09224907 | C35: 32 | D35: =(C35-0.5)/99 -> 0.31818182 | E35: =NORMSINV(D35) -> -0.47278912
B36: =lns!K67 -> -0.06188817 | C36: 33 | D36: =(C36-0.5)/99 -> 0.32828283 | E36: =NORMSINV(D36) -> -0.44465976
B37: =lns!K43 -> -0.048786964 | C37: 34 | D37: =(C37-0.5)/99 -> 0.33838384 | E37: =NORMSINV(D37) -> -0.41687796
B38: =lns!K30 -> -0.046563445 | C38: 35 | D38: =(C38-0.5)/99 -> 0.34848485 | E38: =NORMSINV(D38) -> -0.3894143
B39: =lns!K91 -> -0.044994228 | C39: 36 | D39: =(C39-0.5)/99 -> 0.35858586 | E39: =NORMSINV(D39) -> -0.3622413
B40: =lns!K94 -> -0.04139716 | C40: 37 | D40: =(C40-0.5)/99 -> 0.36868687 | E40: =NORMSINV(D40) -> -0.33533322
B41: =lns!K55 -> -0.039825616 | C41: 38 | D41: =(C41-0.5)/99 -> 0.37878788 | E41: =NORMSINV(D41) -> -0.30866581
B42: =lns!K53 -> -0.013098411 | C42: 39 | D42: =(C42-0.5)/99 -> 0.38888889 | E42: =NORMSINV(D42) -> -0.28221615
B43: =lns!K81 -> -0.0078547681 | C43: 40 | D43: =(C43-0.5)/99 -> 0.3989899 | E43: =NORMSINV(D43) -> -0.25596249
B44: =lns!K47 -> -0.0045975526 | C44: 41 | D44: =(C44-0.5)/99 -> 0.40909091 | E44: =NORMSINV(D44) -> -0.22988412
B45: =lns!K48 -> -0.0033275301 | C45: 42 | D45: =(C45-0.5)/99 -> 0.41919192 | E45: =NORMSINV(D45) -> -0.20396118
B46: =lns!K69 -> 0.0022674274 | C46: 43 | D46: =(C46-0.5)/99 -> 0.42929293 | E46: =NORMSINV(D46) -> -0.1781746
B47: =lns!K28 -> 0.03492303 | C47: 44 | D47: =(C47-0.5)/99 -> 0.43939394 | E47: =NORMSINV(D47) -> -0.15250597
B48: =lns!K90 -> 0.039076472 | C48: 45 | D48: =(C48-0.5)/99 -> 0.44949495 | E48: =NORMSINV(D48) -> -0.12693746
B49: =lns!K84 -> 0.041918993 | C49: 46 | D49: =(C49-0.5)/99 -> 0.45959596 | E49: =NORMSINV(D49) -> -0.10145167
B50: =lns!K34 -> 0.057598872 | C50: 47 | D50: =(C50-0.5)/99 -> 0.46969697 | E50: =NORMSINV(D50) -> -0.076031623
B51: =lns!K26 -> 0.061414898 | C51: 48 | D51: =(C51-0.5)/99 -> 0.47979798 | E51: =NORMSINV(D51) -> -0.050660617
B52: =lns!K39 -> 0.067518452 | C52: 49 | D52: =(C52-0.5)/99 -> 0.48989899 | E52: =NORMSINV(D52) -> -0.025322183
B53: =lns!K68 -> 0.073975106 | C53: 50 | D53: =(C53-0.5)/99 -> 0.5 | E53: =NORMSINV(D53) -> 0
B54: =lns!K32 -> 0.076988819 | C54: 51 | D54: =(C54-0.5)/99 -> 0.51010101 | E54: =NORMSINV(D54) -> 0.025322183
B55: =lns!K57 -> 0.090589966 | C55: 52 | D55: =(C55-0.5)/99 -> 0.52020202 | E55: =NORMSINV(D55) -> 0.050660617
B56: =lns!K75 -> 0.11056594 | C56: 53 | D56: =(C56-0.5)/99 -> 0.53030303 | E56: =NORMSINV(D56) -> 0.076031623
B57: =lns!K52 -> 0.14737636 | C57: 54 | D57: =(C57-0.5)/99 -> 0.54040404 | E57: =NORMSINV(D57) -> 0.10145167
B58: =lns!K50 -> 0.15302147 | C58: 55 | D58: =(C58-0.5)/99 -> 0.55050505 | E58: =NORMSINV(D58) -> 0.12693746
B59: =lns!K77 -> 0.16868737 | C59: 56 | D59: =(C59-0.5)/99 -> 0.56060606 | E59: =NORMSINV(D59) -> 0.15250597
B60: =lns!K4 -> 0.19601898 | C60: 57 | D60: =(C60-0.5)/99 -> 0.57070707 | E60: =NORMSINV(D60) -> 0.1781746
B61: =lns!K96 -> 0.20030881 | C61: 58 | D61: =(C61-0.5)/99 -> 0.58080808 | E61: =NORMSINV(D61) -> 0.20396118
B62: =lns!K64 -> 0.20887423 | C62: 59 | D62: =(C62-0.5)/99 -> 0.59090909 | E62: =NORMSINV(D62) -> 0.22988412
B63: =lns!K27 -> 0.21661026 | C63: 60 | D63: =(C63-0.5)/99 -> 0.6010101 | E63: =NORMSINV(D63) -> 0.25596249
B64: =lns!K101 -> 0.21845257 | C64: 61 | D64: =(C64-0.5)/99 -> 0.61111111 | E64: =NORMSINV(D64) -> 0.28221615
B65: =lns!K95 -> 0.22061235 | C65: 62 | D65: =(C65-0.5)/99 -> 0.62121212 | E65: =NORMSINV(D65) -> 0.30866581
B66: =lns!K24 -> 0.23280077 | C66: 63 | D66: =(C66-0.5)/99 -> 0.63131313 | E66: =NORMSINV(D66) -> 0.33533322
B67: =lns!K92 -> 0.24220865 | C67: 64 | D67: =(C67-0.5)/99 -> 0.64141414 | E67: =NORMSINV(D67) -> 0.3622413
B68: =lns!K80 -> 0.24261671 | C68: 65 | D68: =(C68-0.5)/99 -> 0.65151515 | E68: =NORMSINV(D68) -> 0.3894143
B69: =lns!K51 -> 0.24979327 | C69: 66 | D69: =(C69-0.5)/99 -> 0.66161616 | E69: =NORMSINV(D69) -> 0.41687796
B70: =lns!K78 -> 0.27491593 | C70: 67 | D70: =(C70-0.5)/99 -> 0.67171717 | E70: =NORMSINV(D70) -> 0.44465976
B71: =lns!K5 -> 0.27688904 | C71: 68 | D71: =(C71-0.5)/99 -> 0.68181818 | E71: =NORMSINV(D71) -> 0.47278912
B72: =lns!K21 -> 0.28177466 | C72: 69 | D72: =(C72-0.5)/99 -> 0.69191919 | E72: =NORMSINV(D72) -> 0.50129771
B73: =lns!K25 -> 0.28330501 | C73: 70 | D73: =(C73-0.5)/99 -> 0.7020202 | E73: =NORMSINV(D73) -> 0.53021973
B74: =lns!K100 -> 0.32987912 | C74: 71 | D74: =(C74-0.5)/99 -> 0.71212121 | E74: =NORMSINV(D74) -> 0.55959227
B75: =lns!K89 -> 0.35852024 | C75: 72 | D75: =(C75-0.5)/99 -> 0.72222222 | E75: =NORMSINV(D75) -> 0.5894558
B76: =lns!K19 -> 0.36260632 | C76: 73 | D76: =(C76-0.5)/99 -> 0.73232323 | E76: =NORMSINV(D76) -> 0.61985457
B77: =lns!K22 -> 0.39300784 | C77: 74 | D77: =(C77-0.5)/99 -> 0.74242424 | E77: =NORMSINV(D77) -> 0.65083731
B78: =lns!K98 -> 0.42460739 | C78: 75 | D78: =(C78-0.5)/99 -> 0.75252525 | E78: =NORMSINV(D78) -> 0.68245784
B79: =lns!K102 -> 0.43553511 | C79: 76 | D79: =(C79-0.5)/99 -> 0.76262626 | E79: =NORMSINV(D79) -> 0.71477599
B80: =lns!K79 -> 0.45476943 | C80: 77 | D80: =(C80-0.5)/99 -> 0.77272727 | E80: =NORMSINV(D80) -> 0.74785859
B81: =lns!K93 -> 0.47888904 | C81: 78 | D81: =(C81-0.5)/99 -> 0.78282828 | E81: =NORMSINV(D81) -> 0.78178075
B82: =lns!K99 -> 0.49707147 | C82: 79 | D82: =(C82-0.5)/99 -> 0.79292929 | E82: =NORMSINV(D82) -> 0.81662736
B83: =lns!K20 -> 0.57254894 | C83: 80 | D83: =(C83-0.5)/99 -> 0.8030303 | E83: =NORMSINV(D83) -> 0.85249503
B84: =lns!K23 -> 0.58761998 | C84: 81 | D84: =(C84-0.5)/99 -> 0.81313131 | E84: =NORMSINV(D84) -> 0.88949451
B85: =lns!K87 -> 0.61983428 | C85: 82 | D85: =(C85-0.5)/99 -> 0.82323232 | E85: =NORMSINV(D85) -> 0.92775369
B86: =lns!K18 -> 0.63835303 | C86: 83 | D86: =(C86-0.5)/99 -> 0.83333333 | E86: =NORMSINV(D86) -> 0.96742157
B87: =lns!K7 -> 0.67822642 | C87: 84 | D87: =(C87-0.5)/99 -> 0.84343434 | E87: =NORMSINV(D87) -> 1.0086734
B88: =lns!K13 -> 0.7078338 | C88: 85 | D88: =(C88-0.5)/99 -> 0.85353535 | E88: =NORMSINV(D88) -> 1.0517173
B89: =lns!K6 -> 0.73429392 | C89: 86 | D89: =(C89-0.5)/99 -> 0.86363636 | E89: =NORMSINV(D89) -> 1.0968036
B90: =lns!K17 -> 0.79410954 | C90: 87 | D90: =(C90-0.5)/99 -> 0.87373737 | E90: =NORMSINV(D90) -> 1.1442373
B91: =lns!K88 -> 0.81879256 | C91: 88 | D91: =(C91-0.5)/99 -> 0.88383838 | E91: =NORMSINV(D91) -> 1.1943957
B92: =lns!K12 -> 0.87344168 | C92: 89 | D92: =(C92-0.5)/99 -> 0.89393939 | E92: =NORMSINV(D92) -> 1.2477539
B93: =lns!K11 -> 0.99808821 | C93: 90 | D93: =(C93-0.5)/99 -> 0.9040404 | E93: =NORMSINV(D93) -> 1.3049226
B94: =lns!K8 -> 1.0436914 | C94: 91 | D94: =(C94-0.5)/99 -> 0.91414141 | E94: =NORMSINV(D94) -> 1.366707
B95: =lns!K97 -> 1.0982956 | C95: 92 | D95: =(C95-0.5)/99 -> 0.92424242 | E95: =NORMSINV(D95) -> 1.4342002
B96: =lns!K16 -> 1.1149285 | C96: 93 | D96: =(C96-0.5)/99 -> 0.93434343 | E96: =NORMSINV(D96) -> 1.5089439
B97: =lns!K14 -> 1.1444616 | C97: 94 | D97: =(C97-0.5)/99 -> 0.94444444 | E97: =NORMSINV(D97) -> 1.5932188
B98: =lns!K86 -> 1.1568403 | C98: 95 | D98: =(C98-0.5)/99 -> 0.95454545 | E98: =NORMSINV(D98) -> 1.6906216
B99: =lns!K85 -> 1.1783903 | C99: 96 | D99: =(C99-0.5)/99 -> 0.96464646 | E99: =NORMSINV(D99) -> 1.8073542
B100: =lns!K15 -> 1.2492454 | C100: 97 | D100: =(C100-0.5)/99 -> 0.97474747 | E100: =NORMSINV(D100) -> 1.9556614
B101: =lns!K9 -> 1.3212731 | C101: 98 | D101: =(C101-0.5)/99 -> 0.98484848 | E101: =NORMSINV(D101) -> 2.1661068
B102: =lns!K10 -> 1.4684709 | C102: 99 | D102: =(C102-0.5)/99 -> 0.99494949 | E102: =NORMSINV(D102) -> 2.5723521
